{"type":"FeatureCollection","features":[{"type":"Feature","geometry":{"type":"Polygon","coordinates":[[[104.53833000700007,14.552869526000052],[104.48554835100003,14.547350610000024],[104.45368483100003,14.601924948000033],[104.42639192400009,14.587616869000044],[104.40034986000006,14.529331282000044],[104.39152211600003,14.456175852000058],[104.34660286700006,14.368127260000051],[104.40032311200008,14.372746747000065],[104.47343424200005,14.346903463000046],[104.49824920000003,14.373393718000045],[104.50697867300005,14.452142442000024],[104.49270048600005,14.482248801000026],[104.52153857300004,14.52997158100004],[104.53833000700007,14.552869526000052]]]},"properties":{"Shape_Leng":0.850507320497,"Shape_Area":0.0248068184651,"ADM3_EN":"Bak Dong","ADM3_TH":"บักดอง","ADM3_PCODE":"TH330802","ADM3_REF":"","ADM3ALT1EN":"","ADM3ALT2EN":"","ADM3ALT1TH":"","ADM3ALT2TH":"","ADM2_EN":"Khun Han","ADM2_TH":"ขุนหาญ","ADM2_PCODE":"TH3308","ADM1_EN":"Si Sa Ket","ADM1_TH":"ศรีสะเกษ","ADM1_PCODE":"TH33","ADM0_EN":"Thailand","ADM0_TH":"ประเทศไทย","ADM0_PCODE":"TH","date":"2019-02-18T00:00:00.000Z","validOn":"2019-02-21T00:00:00.000Z","validTo":"1899-11-30T00:00:00.000Z"}},{"type":"Feature","geometry":{"type":"Polygon","coordinates":[[[104.29948044100007,15.025789073000055],[104.24969899000007,15.013029108000069],[104.23923621800009,14.992164917000025],[104.23962224700006,14.974312249000036],[104.29858641100009,14.971319335000032],[104.30054114100005,15.015263064000067],[104.29948044100007,15.025789073000055]]]},"properties":{"Shape_Leng":0.230310934053,"Shape_Area":0.00271084395291,"ADM3_EN":"Bo Kaeo","ADM3_TH":"บ่อแก้ว","ADM3_PCODE":"TH331604","ADM3_REF":"","ADM3ALT1EN":"","ADM3ALT2EN":"","ADM3ALT1TH":"","ADM3ALT2TH":"","ADM2_EN":"Wang Hin","ADM2_TH":"วังหิน","ADM2_PCODE":"TH3316","ADM1_EN":"Si Sa Ket","ADM1_TH":"ศรีสะเกษ","ADM1_PCODE":"TH33","ADM0_EN":"Thailand","ADM0_TH":"ประเทศไทย","ADM0_PCODE":"TH","date":"2019-02-18T00:00:00.000Z","validOn":"2019-02-21T00:00:00.000Z","validTo":"1899-11-30T00:00:00.000Z"}},{"type":"Feature","geometry":{"type":"Polygon","coordinates":[[[104.67199106500004,15.021854965000045],[104.63346404800006,15.006402549000029],[104.62300964000008,15.005519269000047],[104.59744130200005,14.947354046000044],[104.67671984500004,14.928621957000075],[104.68478665200007,14.95892991900007],[104.68439695700005,14.986140048000038],[104.67199106500004,15.021854965000045]]]},"properties":{"Shape_Leng":0.480360792961,"Shape_Area":0.00551759233152,"ADM3_EN":"Bok","ADM3_TH":"บก","ADM3_PCODE":"TH331302","ADM3_REF":"","ADM3ALT1EN":"","ADM3ALT2EN":"","ADM3ALT1TH":"","ADM3ALT2TH":"","ADM2_EN":"Non Khun","ADM2_TH":"โนนคูณ","ADM2_PCODE":"TH3313","ADM1_EN":"Si Sa Ket","ADM1_TH":"ศรีสะเกษ","ADM1_PCODE":"TH33","ADM0_EN":"Thailand","ADM0_TH":"ประเทศไทย","ADM0_PCODE":"TH","date":"2019-02-18T00:00:00.000Z","validOn":"2019-02-21T00:00:00.000Z","validTo":"1899-11-30T00:00:00.000Z"}},{"type":"Feature","geometry":{"type":"Polygon","coordinates":[[[104.13105716500007,15.00991863300004],[104.11505557400005,14.987040192000052],[104.12534540400009,14.94471984200004],[104.13437265700009,14.931466015000069],[104.22888152600007,14.938306081000064],[104.23906197300005,14.948426077000022],[104.23962224700006,14.974312249000036],[104.14843053500005,14.97497949600006],[104.13105716500007,15.00991863300004]]]},"properties":{"Shape_Leng":0.472518906469,"Shape_Area":0.00451299761053,"ADM3_EN":"Bu Sung","ADM3_TH":"บุสูง","ADM3_PCODE":"TH331601","ADM3_REF":"","ADM3ALT1EN":"","ADM3ALT2EN":"","ADM3ALT1TH":"","ADM3ALT2TH":"","ADM2_EN":"Wang Hin","ADM2_TH":"วังหิน","ADM2_PCODE":"TH3316","ADM1_EN":"Si Sa Ket","ADM1_TH":"ศรีสะเกษ","ADM1_PCODE":"TH33","ADM0_EN":"Thailand","ADM0_TH":"ประเทศไทย","ADM0_PCODE":"TH","date":"2019-02-18T00:00:00.000Z","validOn":"2019-02-21T00:00:00.000Z","validTo":"1899-11-30T00:00:00.000Z"}},{"type":"Feature","geometry":{"type":"Polygon","coordinates":[[[104.09079641100004,15.34843677200007],[104.06399142100008,15.34950810500004],[104.07944986600006,15.322567050000032],[104.11439532500003,15.281854687000077],[104.14046027100005,15.269051967000053],[104.14002785300005,15.324687852000068],[104.13206522900003,15.342693976000078],[104.09079641100004,15.34843677200007]]]},"properties":{"Shape_Leng":0.299573902975,"Shape_Area":0.0034093702523,"ADM3_EN":"Bua Hung","ADM3_TH":"บัวหุ่ง","ADM3_PCODE":"TH330910","ADM3_REF":"","ADM3ALT1EN":"","ADM3ALT2EN":"","ADM3ALT1TH":"","ADM3ALT2TH":"","ADM2_EN":"Rasi Salai","ADM2_TH":"ราษีไศล","ADM2_PCODE":"TH3309","ADM1_EN":"Si Sa Ket","ADM1_TH":"ศรีสะเกษ","ADM1_PCODE":"TH33","ADM0_EN":"Thailand","ADM0_TH":"ประเทศไทย","ADM0_PCODE":"TH","date":"2019-02-18T00:00:00.000Z","validOn":"2019-02-21T00:00:00.000Z","validTo":"1899-11-30T00:00:00.000Z"}},{"type":"Feature","geometry":{"type":"Polygon","coordinates":[[[104.51019948200008,15.166719061000038],[104.46388593800003,15.223189665000064],[104.46294457500005,15.220207584000036],[104.43171981300009,15.150708955000027],[104.47485281600007,15.13328337300004],[104.52600752900008,15.156014381000034],[104.51019948200008,15.166719061000038]]]},"properties":{"Shape_Leng":0.317542222982,"Shape_Area":0.00445577448893,"ADM3_EN":"Bua Noi","ADM3_TH":"บัวน้อย","ADM3_PCODE":"TH330311","ADM3_REF":"","ADM3ALT1EN":"","ADM3ALT2EN":"","ADM3ALT1TH":"","ADM3ALT2TH":"","ADM2_EN":"Kanthararom","ADM2_TH":"กันทรารมย์","ADM2_PCODE":"TH3303","ADM1_EN":"Si Sa Ket","ADM1_TH":"ศรีสะเกษ","ADM1_PCODE":"TH33","ADM0_EN":"Thailand","ADM0_TH":"ประเทศไทย","ADM0_PCODE":"TH","date":"2019-02-18T00:00:00.000Z","validOn":"2019-02-21T00:00:00.000Z","validTo":"1899-11-30T00:00:00.000Z"}},{"type":"Feature","geometry":{"type":"Polygon","coordinates":[[[104.48280729500004,15.267853125000045],[104.43549357300009,15.283199254000067],[104.40393998700006,15.23528503500006],[104.46294457500005,15.220207584000036],[104.46388593800003,15.223189665000064],[104.48280729500004,15.267853125000045]]]},"properties":{"Shape_Leng":0.223335918643,"Shape_Area":0.00299095582612,"ADM3_EN":"Bueng Bon","ADM3_TH":"บึงบอน","ADM3_PCODE":"TH330206","ADM3_REF":"","ADM3ALT1EN":"","ADM3ALT2EN":"","ADM3ALT1TH":"","ADM3ALT2TH":"","ADM2_EN":"Yang Chum Noi","ADM2_TH":"ยางชุมน้อย","ADM2_PCODE":"TH3302","ADM1_EN":"Si Sa Ket","ADM1_TH":"ศรีสะเกษ","ADM1_PCODE":"TH33","ADM0_EN":"Thailand","ADM0_TH":"ประเทศไทย","ADM0_PCODE":"TH","date":"2019-02-18T00:00:00.000Z","validOn":"2019-02-21T00:00:00.000Z","validTo":"1899-11-30T00:00:00.000Z"}},{"type":"Feature","geometry":{"type":"Polygon","coordinates":[[[104.02874778000006,15.324203909000062],[104.07944986600006,15.322567050000032],[104.06399142100008,15.34950810500004],[104.02565318700005,15.32854584200004],[104.02874778000006,15.324203909000062]]]},"properties":{"Shape_Leng":0.18494814248,"Shape_Area":0.00109542070691,"ADM3_EN":"Bueng Bun","ADM3_TH":"บึงบูรพ์","ADM3_PCODE":"TH331102","ADM3_REF":"","ADM3ALT1EN":"","ADM3ALT2EN":"","ADM3ALT1TH":"","ADM3ALT2TH":"","ADM2_EN":"Bueng Bun","ADM2_TH":"บึงบูรพ์","ADM2_PCODE":"TH3311","ADM1_EN":"Si Sa Ket","ADM1_TH":"ศรีสะเกษ","ADM1_PCODE":"TH33","ADM0_EN":"Thailand","ADM0_TH":"ประเทศไทย","ADM0_PCODE":"TH","date":"2019-02-18T00:00:00.000Z","validOn":"2019-02-21T00:00:00.000Z","validTo":"1899-11-30T00:00:00.000Z"}},{"type":"Feature","geometry":{"type":"Polygon","coordinates":[[[104.74974153400007,14.569909039000038],[104.71286682700008,14.576118897000072],[104.65024063000004,14.552527399000041],[104.65510601500006,14.496383054000034],[104.77175468400009,14.503884406000054],[104.76213217200007,14.564323213000023],[104.74974153400007,14.569909039000038]]]},"properties":{"Shape_Leng":0.409754908898,"Shape_Area":0.00861291189364,"ADM3_EN":"Bueng Malu","ADM3_TH":"บึงมะลู","ADM3_PCODE":"TH330401","ADM3_REF":"","ADM3ALT1EN":"","ADM3ALT2EN":"","ADM3ALT1TH":"","ADM3ALT2TH":"","ADM2_EN":"Kantharalak","ADM2_TH":"กันทรลักษ์","ADM2_PCODE":"TH3304","ADM1_EN":"Si Sa Ket","ADM1_TH":"ศรีสะเกษ","ADM1_PCODE":"TH33","ADM0_EN":"Thailand","ADM0_TH":"ประเทศไทย","ADM0_PCODE":"TH","date":"2019-02-18T00:00:00.000Z","validOn":"2019-02-21T00:00:00.000Z","validTo":"1899-11-30T00:00:00.000Z"}},{"type":"Feature","geometry":{"type":"Polygon","coordinates":[[[104.28862705400007,14.798922796000056],[104.28346303000006,14.855886811000062],[104.21997150100003,14.840400956000053],[104.21658234200004,14.817808637000041],[104.22468038700003,14.791653587000042],[104.28862705400007,14.798922796000056]]]},"properties":{"Shape_Leng":0.245207601375,"Shape_Area":0.00340314692993,"ADM3_EN":"Cha Kong","ADM3_TH":"จะกง","ADM3_PCODE":"TH330502","ADM3_REF":"","ADM3ALT1EN":"","ADM3ALT2EN":"","ADM3ALT1TH":"","ADM3ALT2TH":"","ADM2_EN":"Khukhan","ADM2_TH":"ขุขันธ์","ADM2_PCODE":"TH3305","ADM1_EN":"Si Sa Ket","ADM1_TH":"ศรีสะเกษ","ADM1_PCODE":"TH33","ADM0_EN":"Thailand","ADM0_TH":"ประเทศไทย","ADM0_PCODE":"TH","date":"2019-02-18T00:00:00.000Z","validOn":"2019-02-21T00:00:00.000Z","validTo":"1899-11-30T00:00:00.000Z"}},{"type":"Feature","geometry":{"type":"Polygon","coordinates":[[[104.17722990800007,14.781559740000034],[104.12822171400006,14.773855003000051],[104.11959184500006,14.767879588000028],[104.10308209000004,14.736092979000034],[104.19304419100007,14.735196275000021],[104.17722990800007,14.781559740000034]]]},"properties":{"Shape_Leng":0.302042135016,"Shape_Area":0.00309054898595,"ADM3_EN":"Chai Di","ADM3_TH":"ใจดี","ADM3_PCODE":"TH330503","ADM3_REF":"","ADM3ALT1EN":"","ADM3ALT2EN":"","ADM3ALT1TH":"","ADM3ALT2TH":"","ADM2_EN":"Khukhan","ADM2_TH":"ขุขันธ์","ADM2_PCODE":"TH3305","ADM1_EN":"Si Sa Ket","ADM1_TH":"ศรีสะเกษ","ADM1_PCODE":"TH33","ADM0_EN":"Thailand","ADM0_TH":"ประเทศไทย","ADM0_PCODE":"TH","date":"2019-02-18T00:00:00.000Z","validOn":"2019-02-21T00:00:00.000Z","validTo":"1899-11-30T00:00:00.000Z"}},{"type":"Feature","geometry":{"type":"Polygon","coordinates":[[[104.62011206800008,14.55956530800006],[104.53582394300008,14.579492091000077],[104.53833000700007,14.552869526000052],[104.52153857300004,14.52997158100004],[104.55475303200006,14.537337896000054],[104.59639714500008,14.505604273000074],[104.62011206800008,14.55956530800006]]]},"properties":{"Shape_Leng":0.30292150086,"Shape_Area":0.00391099333905,"ADM3_EN":"Cham","ADM3_TH":"ชำ","ADM3_PCODE":"TH330413","ADM3_REF":"","ADM3ALT1EN":"","ADM3ALT2EN":"","ADM3ALT1TH":"","ADM3ALT2TH":"","ADM2_EN":"Kantharalak","ADM2_TH":"กันทรลักษ์","ADM2_PCODE":"TH3304","ADM1_EN":"Si Sa Ket","ADM1_TH":"ศรีสะเกษ","ADM1_PCODE":"TH33","ADM0_EN":"Thailand","ADM0_TH":"ประเทศไทย","ADM0_PCODE":"TH","date":"2019-02-18T00:00:00.000Z","validOn":"2019-02-21T00:00:00.000Z","validTo":"1899-11-30T00:00:00.000Z"}},{"type":"Feature","geometry":{"type":"Polygon","coordinates":[[[104.40891864900004,15.026419704000034],[104.40065879100007,15.038954742000044],[104.39523689500004,15.036105397000028],[104.36445821700005,14.993514336000032],[104.37664673100005,14.968650632000049],[104.40355998400008,14.971154851000051],[104.42308662700003,14.977565273000039],[104.40891864900004,15.026419704000034]]]},"properties":{"Shape_Leng":0.220613747467,"Shape_Area":0.00194544508721,"ADM3_EN":"Chan","ADM3_TH":"จาน","ADM3_PCODE":"TH330105","ADM3_REF":"","ADM3ALT1EN":"","ADM3ALT2EN":"","ADM3ALT1TH":"","ADM3ALT2TH":"","ADM2_EN":"Mueang Si Sa Ket","ADM2_TH":"เมืองศรีสะเกษ","ADM2_PCODE":"TH3301","ADM1_EN":"Si Sa Ket","ADM1_TH":"ศรีสะเกษ","ADM1_PCODE":"TH33","ADM0_EN":"Thailand","ADM0_TH":"ประเทศไทย","ADM0_PCODE":"TH","date":"2019-02-18T00:00:00.000Z","validOn":"2019-02-21T00:00:00.000Z","validTo":"1899-11-30T00:00:00.000Z"}},{"type":"Feature","geometry":{"type":"Polygon","coordinates":[[[104.49790206100005,14.950142006000021],[104.55756093100007,14.97684451300006],[104.56355444800005,15.006660530000033],[104.50865790000006,15.028375655000048],[104.47014845600006,15.008204868000064],[104.49790206100005,14.950142006000021]]]},"properties":{"Shape_Leng":0.346578478622,"Shape_Area":0.0039005975041,"ADM3_EN":"Chan","ADM3_TH":"จาน","ADM3_PCODE":"TH330315","ADM3_REF":"","ADM3ALT1EN":"","ADM3ALT2EN":"","ADM3ALT1TH":"","ADM3ALT2TH":"","ADM2_EN":"Kanthararom","ADM2_TH":"กันทรารมย์","ADM2_PCODE":"TH3303","ADM1_EN":"Si Sa Ket","ADM1_TH":"ศรีสะเกษ","ADM1_PCODE":"TH33","ADM0_EN":"Thailand","ADM0_TH":"ประเทศไทย","ADM0_PCODE":"TH","date":"2019-02-18T00:00:00.000Z","validOn":"2019-02-21T00:00:00.000Z","validTo":"1899-11-30T00:00:00.000Z"}},{"type":"Feature","geometry":{"type":"Polygon","coordinates":[[[104.05572449200008,15.00023374400007],[103.99808625900005,15.007179294000025],[103.98108649500006,14.97478910600006],[104.05258936800004,14.952262998000037],[104.05572449200008,15.00023374400007]]]},"properties":{"Shape_Leng":0.255166303512,"Shape_Area":0.00264287357712,"ADM3_EN":"Chan Saen Chai","ADM3_TH":"จานแสนไชย","ADM3_PCODE":"TH331205","ADM3_REF":"","ADM3ALT1EN":"","ADM3ALT2EN":"","ADM3ALT1TH":"","ADM3ALT2TH":"","ADM2_EN":"Huai Thap Than","ADM2_TH":"ห้วยทับทัน","ADM2_PCODE":"TH3312","ADM1_EN":"Si Sa Ket","ADM1_TH":"ศรีสะเกษ","ADM1_PCODE":"TH33","ADM0_EN":"Thailand","ADM0_TH":"ประเทศไทย","ADM0_PCODE":"TH","date":"2019-02-18T00:00:00.000Z","validOn":"2019-02-21T00:00:00.000Z","validTo":"1899-11-30T00:00:00.000Z"}},{"type":"Feature","geometry":{"type":"Polygon","coordinates":[[[104.67378584400007,14.771243511000023],[104.64252130900007,14.788606392000077],[104.63799732700005,14.785351524000077],[104.62476476200004,14.693785869000067],[104.69956999900006,14.689483703000064],[104.68389543900008,14.734190907000027],[104.67378584400007,14.771243511000023]]]},"properties":{"Shape_Leng":0.426356631994,"Shape_Area":0.00481780253326,"ADM3_EN":"Chan Yai","ADM3_TH":"จานใหญ่","ADM3_PCODE":"TH330411","ADM3_REF":"","ADM3ALT1EN":"","ADM3ALT2EN":"","ADM3ALT1TH":"","ADM3ALT2TH":"","ADM2_EN":"Kantharalak","ADM2_TH":"กันทรลักษ์","ADM2_PCODE":"TH3304","ADM1_EN":"Si Sa Ket","ADM1_TH":"ศรีสะเกษ","ADM1_PCODE":"TH33","ADM0_EN":"Thailand","ADM0_TH":"ประเทศไทย","ADM0_PCODE":"TH","date":"2019-02-18T00:00:00.000Z","validOn":"2019-02-21T00:00:00.000Z","validTo":"1899-11-30T00:00:00.000Z"}},{"type":"Feature","geometry":{"type":"Polygon","coordinates":[[[104.15881407900008,15.453929036000034],[104.10781130900006,15.458779228000026],[104.09497141400004,15.429675090000046],[104.12650085300004,15.412265575000049],[104.15881407900008,15.453929036000034]]]},"properties":{"Shape_Leng":0.200818779777,"Shape_Area":0.00158052799397,"ADM3_EN":"Chik Sang Thong","ADM3_TH":"จิกสังข์ทอง","ADM3_PCODE":"TH330906","ADM3_REF":"","ADM3ALT1EN":"","ADM3ALT2EN":"","ADM3ALT1TH":"","ADM3ALT2TH":"","ADM2_EN":"Rasi Salai","ADM2_TH":"ราษีไศล","ADM2_PCODE":"TH3309","ADM1_EN":"Si Sa Ket","ADM1_TH":"ศรีสะเกษ","ADM1_PCODE":"TH33","ADM0_EN":"Thailand","ADM0_TH":"ประเทศไทย","ADM0_PCODE":"TH","date":"2019-02-18T00:00:00.000Z","validOn":"2019-02-21T00:00:00.000Z","validTo":"1899-11-30T00:00:00.000Z"}},{"type":"Feature","geometry":{"type":"Polygon","coordinates":[[[104.17112029300006,15.472411446000024],[104.14117081300009,15.503356647000032],[104.11596615300004,15.489134662000026],[104.10781130900006,15.458779228000026],[104.15881407900008,15.453929036000034],[104.17112029300006,15.472411446000024]]]},"properties":{"Shape_Leng":0.18638607973,"Shape_Area":0.00225077414558,"ADM3_EN":"Chot Muang","ADM3_TH":"โจดม่วง","ADM3_PCODE":"TH332204","ADM3_REF":"","ADM3ALT1EN":"","ADM3ALT2EN":"","ADM3ALT1TH":"","ADM3ALT2TH":"","ADM2_EN":"Sila Lat","ADM2_TH":"ศิลาลาด","ADM2_PCODE":"TH3322","ADM1_EN":"Si Sa Ket","ADM1_TH":"ศรีสะเกษ","ADM1_PCODE":"TH33","ADM0_EN":"Thailand","ADM0_TH":"ประเทศไทย","ADM0_PCODE":"TH","date":"2019-02-18T00:00:00.000Z","validOn":"2019-02-21T00:00:00.000Z","validTo":"1899-11-30T00:00:00.000Z"}},{"type":"Feature","geometry":{"type":"Polygon","coordinates":[[[104.06002586800008,15.405215180000027],[104.06291690300009,15.411848165000038],[104.02037911900004,15.470515704000036],[104.00002230400008,15.452368092000029],[103.98900059900006,15.406978390000063],[104.06002586800008,15.405215180000027]]]},"properties":{"Shape_Leng":0.285404837702,"Shape_Area":0.00276666553128,"ADM3_EN":"Dan","ADM3_TH":"ด่าน","ADM3_PCODE":"TH330907","ADM3_REF":"","ADM3ALT1EN":"","ADM3ALT2EN":"","ADM3ALT1TH":"","ADM3ALT2TH":"","ADM2_EN":"Rasi Salai","ADM2_TH":"ราษีไศล","ADM2_PCODE":"TH3309","ADM1_EN":"Si Sa Ket","ADM1_TH":"ศรีสะเกษ","ADM1_PCODE":"TH33","ADM0_EN":"Thailand","ADM0_TH":"ประเทศไทย","ADM0_PCODE":"TH","date":"2019-02-18T00:00:00.000Z","validOn":"2019-02-21T00:00:00.000Z","validTo":"1899-11-30T00:00:00.000Z"}},{"type":"Feature","geometry":{"type":"Polygon","coordinates":[[[104.31257903200009,14.832321482000054],[104.28346303000006,14.855886811000062],[104.28862705400007,14.798922796000056],[104.30729095800007,14.77114561600007],[104.33591857700009,14.796590243000026],[104.32688381200006,14.82540270000004],[104.31257903200009,14.832321482000054]]]},"properties":{"Shape_Leng":0.262183832416,"Shape_Area":0.00284762827735,"ADM3_EN":"Din Daeng","ADM3_TH":"ดินแดง","ADM3_PCODE":"TH330602","ADM3_REF":"","ADM3ALT1EN":"","ADM3ALT2EN":"","ADM3ALT1TH":"","ADM3ALT2TH":"","ADM2_EN":"Phrai Bueng","ADM2_TH":"ไพรบึง","ADM2_PCODE":"TH3306","ADM1_EN":"Si Sa Ket","ADM1_TH":"ศรีสะเกษ","ADM1_PCODE":"TH33","ADM0_EN":"Thailand","ADM0_TH":"ประเทศไทย","ADM0_PCODE":"TH","date":"2019-02-18T00:00:00.000Z","validOn":"2019-02-21T00:00:00.000Z","validTo":"1899-11-30T00:00:00.000Z"}},{"type":"Feature","geometry":{"type":"Polygon","coordinates":[[[104.22468038700003,14.791653587000042],[104.21658234200004,14.817808637000041],[104.17744867500005,14.799678635000078],[104.17722990800007,14.781559740000034],[104.19304419100007,14.735196275000021],[104.22636341900005,14.750837949000072],[104.22468038700003,14.791653587000042]]]},"properties":{"Shape_Leng":0.2467487606,"Shape_Area":0.00289388506409,"ADM3_EN":"Dong Kammet","ADM3_TH":"ดองกำเม็ด","ADM3_PCODE":"TH330504","ADM3_REF":"","ADM3ALT1EN":"","ADM3ALT2EN":"","ADM3ALT1TH":"","ADM3ALT2TH":"","ADM2_EN":"Khukhan","ADM2_TH":"ขุขันธ์","ADM2_PCODE":"TH3305","ADM1_EN":"Si Sa Ket","ADM1_TH":"ศรีสะเกษ","ADM1_PCODE":"TH33","ADM0_EN":"Thailand","ADM0_TH":"ประเทศไทย","ADM0_PCODE":"TH","date":"2019-02-18T00:00:00.000Z","validOn":"2019-02-21T00:00:00.000Z","validTo":"1899-11-30T00:00:00.000Z"}},{"type":"Feature","geometry":{"type":"Polygon","coordinates":[[[104.25676473800007,14.49531896800005],[104.14757131600004,14.52459736000003],[104.13427984700007,14.486771945000044],[104.11829589800004,14.372343526000066],[104.21633600700005,14.366608762000055],[104.27679124200006,14.408464510000044],[104.25676473800007,14.49531896800005]]]},"properties":{"Shape_Leng":0.69173123229,"Shape_Area":0.0191584015057,"ADM3_EN":"Dong Rak","ADM3_TH":"ดงรัก","ADM3_PCODE":"TH331706","ADM3_REF":"","ADM3ALT1EN":"","ADM3ALT2EN":"","ADM3ALT1TH":"","ADM3ALT2TH":"","ADM2_EN":"Phu Sing","ADM2_TH":"ภูสิงห์","ADM2_PCODE":"TH3317","ADM1_EN":"Si Sa Ket","ADM1_TH":"ศรีสะเกษ","ADM1_PCODE":"TH33","ADM0_EN":"Thailand","ADM0_TH":"ประเทศไทย","ADM0_PCODE":"TH","date":"2019-02-18T00:00:00.000Z","validOn":"2019-02-21T00:00:00.000Z","validTo":"1899-11-30T00:00:00.000Z"}},{"type":"Feature","geometry":{"type":"Polygon","coordinates":[[[104.09702217800009,15.217921705000037],[104.06313062300006,15.24491917100005],[104.04507339400004,15.221472949000031],[104.06813320000003,15.180210174000024],[104.09391720800005,15.163167189000035],[104.11075427400004,15.182574483000053],[104.10996105900006,15.189120187000071],[104.09702217800009,15.217921705000037]]]},"properties":{"Shape_Leng":0.236468888021,"Shape_Area":0.00317948944749,"ADM3_EN":"Dot","ADM3_TH":"โดด","ADM3_PCODE":"TH332101","ADM3_REF":"","ADM3ALT1EN":"","ADM3ALT2EN":"","ADM3ALT1TH":"","ADM3ALT2TH":"","ADM2_EN":"Pho Si Suwan","ADM2_TH":"โพธิ์ศรีสุวรรณ","ADM2_PCODE":"TH3321","ADM1_EN":"Si Sa Ket","ADM1_TH":"ศรีสะเกษ","ADM1_PCODE":"TH33","ADM0_EN":"Thailand","ADM0_TH":"ประเทศไทย","ADM0_PCODE":"TH","date":"2019-02-18T00:00:00.000Z","validOn":"2019-02-21T00:00:00.000Z","validTo":"1899-11-30T00:00:00.000Z"}},{"type":"Feature","geometry":{"type":"Polygon","coordinates":[[[104.51800786700005,15.090764227000022],[104.47736939600009,15.125209384000073],[104.47948666300005,15.100511391000055],[104.46753203600008,15.067004324000038],[104.48928757900006,15.065340057000071],[104.51800786700005,15.090764227000022]]]},"properties":{"Shape_Leng":0.255824073719,"Shape_Area":0.00183081409324,"ADM3_EN":"Du","ADM3_TH":"ดู่","ADM3_PCODE":"TH330313","ADM3_REF":"","ADM3ALT1EN":"","ADM3ALT2EN":"","ADM3ALT1TH":"","ADM3ALT2TH":"","ADM2_EN":"Kanthararom","ADM2_TH":"กันทรารมย์","ADM2_PCODE":"TH3303","ADM1_EN":"Si Sa Ket","ADM1_TH":"ศรีสะเกษ","ADM1_PCODE":"TH33","ADM0_EN":"Thailand","ADM0_TH":"ประเทศไทย","ADM0_PCODE":"TH","date":"2019-02-18T00:00:00.000Z","validOn":"2019-02-21T00:00:00.000Z","validTo":"1899-11-30T00:00:00.000Z"}},{"type":"Feature","geometry":{"type":"Polygon","coordinates":[[[103.99938704300007,14.747853317000022],[104.04098258300007,14.759272016000068],[104.03592087900006,14.801189116000046],[104.00186659600007,14.829375680000055],[103.97079314000007,14.811423799000067],[103.97256791600006,14.810878313000046],[103.99938704300007,14.747853317000022]]]},"properties":{"Shape_Leng":0.261976226204,"Shape_Area":0.00332692494648,"ADM3_EN":"Du","ADM3_TH":"ดู่","ADM3_PCODE":"TH330708","ADM3_REF":"","ADM3ALT1EN":"","ADM3ALT2EN":"","ADM3ALT1TH":"","ADM3ALT2TH":"","ADM2_EN":"Prang Ku","ADM2_TH":"ปรางค์กู่","ADM2_PCODE":"TH3307","ADM1_EN":"Si Sa Ket","ADM1_TH":"ศรีสะเกษ","ADM1_PCODE":"TH33","ADM0_EN":"Thailand","ADM0_TH":"ประเทศไทย","ADM0_PCODE":"TH","date":"2019-02-18T00:00:00.000Z","validOn":"2019-02-21T00:00:00.000Z","validTo":"1899-11-30T00:00:00.000Z"}},{"type":"Feature","geometry":{"type":"Polygon","coordinates":[[[104.19342111500004,15.458590711000056],[104.17112029300006,15.472411446000024],[104.15881407900008,15.453929036000034],[104.12650085300004,15.412265575000049],[104.15222717000006,15.382992397000066],[104.16680178400009,15.379684902000065],[104.20589666300003,15.438825884000039],[104.19342111500004,15.458590711000056]]]},"properties":{"Shape_Leng":0.283593482971,"Shape_Area":0.00323949553537,"ADM3_EN":"Du","ADM3_TH":"ดู่","ADM3_PCODE":"TH330908","ADM3_REF":"","ADM3ALT1EN":"","ADM3ALT2EN":"","ADM3ALT1TH":"","ADM3ALT2TH":"","ADM2_EN":"Rasi Salai","ADM2_TH":"ราษีไศล","ADM2_PCODE":"TH3309","ADM1_EN":"Si Sa Ket","ADM1_TH":"ศรีสะเกษ","ADM1_PCODE":"TH33","ADM0_EN":"Thailand","ADM0_TH":"ประเทศไทย","ADM0_PCODE":"TH","date":"2019-02-18T00:00:00.000Z","validOn":"2019-02-21T00:00:00.000Z","validTo":"1899-11-30T00:00:00.000Z"}},{"type":"Feature","geometry":{"type":"Polygon","coordinates":[[[104.29858641100009,14.971319335000032],[104.23962224700006,14.974312249000036],[104.23906197300005,14.948426077000022],[104.26045873200007,14.907667066000045],[104.29956485700006,14.940110065000056],[104.30074577700009,14.962955613000076],[104.29858641100009,14.971319335000032]]]},"properties":{"Shape_Leng":0.244125582279,"Shape_Area":0.00276330152898,"ADM3_EN":"Duan Yai","ADM3_TH":"ดวนใหญ่","ADM3_PCODE":"TH331603","ADM3_REF":"","ADM3ALT1EN":"","ADM3ALT2EN":"","ADM3ALT1TH":"","ADM3ALT2TH":"","ADM2_EN":"Wang Hin","ADM2_TH":"วังหิน","ADM2_PCODE":"TH3316","ADM1_EN":"Si Sa Ket","ADM1_TH":"ศรีสะเกษ","ADM1_PCODE":"TH33","ADM0_EN":"Thailand","ADM0_TH":"ประเทศไทย","ADM0_PCODE":"TH","date":"2019-02-18T00:00:00.000Z","validOn":"2019-02-21T00:00:00.000Z","validTo":"1899-11-30T00:00:00.000Z"}},{"type":"Feature","geometry":{"type":"Polygon","coordinates":[[[104.58899438700007,15.086293338000075],[104.60102900800007,15.145734780000055],[104.55637536900008,15.141531790000045],[104.55016861900003,15.100359954000055],[104.58661425800005,15.079779389000066],[104.58899438700007,15.086293338000075]]]},"properties":{"Shape_Leng":0.219694813554,"Shape_Area":0.00271375726323,"ADM3_EN":"Dun","ADM3_TH":"ดูน","ADM3_PCODE":"TH330301","ADM3_REF":"","ADM3ALT1EN":"","ADM3ALT2EN":"","ADM3ALT1TH":"","ADM3ALT2TH":"","ADM2_EN":"Kanthararom","ADM2_TH":"กันทรารมย์","ADM2_PCODE":"TH3303","ADM1_EN":"Si Sa Ket","ADM1_TH":"ศรีสะเกษ","ADM1_PCODE":"TH33","ADM0_EN":"Thailand","ADM0_TH":"ประเทศไทย","ADM0_PCODE":"TH","date":"2019-02-18T00:00:00.000Z","validOn":"2019-02-21T00:00:00.000Z","validTo":"1899-11-30T00:00:00.000Z"}},{"type":"Feature","geometry":{"type":"Polygon","coordinates":[[[104.14046027100005,15.269051967000053],[104.11439532500003,15.281854687000077],[104.09621298100006,15.276429241000073],[104.10121170100007,15.269033238000077],[104.12526204000005,15.23459882800006],[104.14445983400009,15.221565585000064],[104.16766011100003,15.242804567000064],[104.14046027100005,15.269051967000053]]]},"properties":{"Shape_Leng":0.226288839584,"Shape_Area":0.00183010285904,"ADM3_EN":"Hua Chang","ADM3_TH":"หัวช้าง","ADM3_PCODE":"TH331011","ADM3_REF":"","ADM3ALT1EN":"","ADM3ALT2EN":"","ADM3ALT1TH":"","ADM3ALT2TH":"","ADM2_EN":"Uthumphon Phisai","ADM2_TH":"อุทุมพรพิสัย","ADM2_PCODE":"TH3310","ADM1_EN":"Si Sa Ket","ADM1_TH":"ศรีสะเกษ","ADM1_PCODE":"TH33","ADM0_EN":"Thailand","ADM0_TH":"ประเทศไทย","ADM0_PCODE":"TH","date":"2019-02-18T00:00:00.000Z","validOn":"2019-02-21T00:00:00.000Z","validTo":"1899-11-30T00:00:00.000Z"}},{"type":"Feature","geometry":{"type":"Polygon","coordinates":[[[104.21842122900006,14.856725446000041],[104.14242370600005,14.83917675400005],[104.17744867500005,14.799678635000078],[104.21658234200004,14.817808637000041],[104.21997150100003,14.840400956000053],[104.21842122900006,14.856725446000041]]]},"properties":{"Shape_Leng":0.238976662495,"Shape_Area":0.00358947522667,"ADM3_EN":"Hua Suea","ADM3_TH":"หัวเสือ","ADM3_PCODE":"TH330511","ADM3_REF":"","ADM3ALT1EN":"","ADM3ALT2EN":"","ADM3ALT1TH":"","ADM3ALT2TH":"","ADM2_EN":"Khukhan","ADM2_TH":"ขุขันธ์","ADM2_PCODE":"TH3305","ADM1_EN":"Si Sa Ket","ADM1_TH":"ศรีสะเกษ","ADM1_PCODE":"TH33","ADM0_EN":"Thailand","ADM0_TH":"ประเทศไทย","ADM0_PCODE":"TH","date":"2019-02-18T00:00:00.000Z","validOn":"2019-02-21T00:00:00.000Z","validTo":"1899-11-30T00:00:00.000Z"}},{"type":"Feature","geometry":{"type":"Polygon","coordinates":[[[104.40034986000006,14.529331282000044],[104.39354913400007,14.587801179000053],[104.37783297700008,14.592665709000073],[104.38730933600004,14.576327566000032],[104.33472465700004,14.519446094000045],[104.30906205100007,14.425703809000026],[104.32230395800008,14.372870766000062],[104.34660286700006,14.368127260000051],[104.39152211600003,14.456175852000058],[104.40034986000006,14.529331282000044]]]},"properties":{"Shape_Leng":0.60019582413,"Shape_Area":0.0102185610171,"ADM3_EN":"Huai Chan","ADM3_TH":"ห้วยจันทร์","ADM3_PCODE":"TH330812","ADM3_REF":"","ADM3ALT1EN":"","ADM3ALT2EN":"","ADM3ALT1TH":"","ADM3ALT2TH":"","ADM2_EN":"Khun Han","ADM2_TH":"ขุนหาญ","ADM2_PCODE":"TH3308","ADM1_EN":"Si Sa Ket","ADM1_TH":"ศรีสะเกษ","ADM1_PCODE":"TH33","ADM0_EN":"Thailand","ADM0_TH":"ประเทศไทย","ADM0_PCODE":"TH","date":"2019-02-18T00:00:00.000Z","validOn":"2019-02-21T00:00:00.000Z","validTo":"1899-11-30T00:00:00.000Z"}},{"type":"Feature","geometry":{"type":"Polygon","coordinates":[[[104.25372252300008,14.751058146000048],[104.22636341900005,14.750837949000072],[104.19304419100007,14.735196275000021],[104.18236589500003,14.699270412000033],[104.19598700000006,14.698092332000044],[104.22386250500006,14.712623502000042],[104.27160659900005,14.745507008000061],[104.25372252300008,14.751058146000048]]]},"properties":{"Shape_Leng":0.238331610722,"Shape_Area":0.00224410363023,"ADM3_EN":"Huai Nuea","ADM3_TH":"ห้วยเหนือ","ADM3_PCODE":"TH330509","ADM3_REF":"","ADM3ALT1EN":"","ADM3ALT2EN":"","ADM3ALT1TH":"","ADM3ALT2TH":"","ADM2_EN":"Khukhan","ADM2_TH":"ขุขันธ์","ADM2_PCODE":"TH3305","ADM1_EN":"Si Sa Ket","ADM1_TH":"ศรีสะเกษ","ADM1_PCODE":"TH33","ADM0_EN":"Thailand","ADM0_TH":"ประเทศไทย","ADM0_PCODE":"TH","date":"2019-02-18T00:00:00.000Z","validOn":"2019-02-21T00:00:00.000Z","validTo":"1899-11-30T00:00:00.000Z"}},{"type":"Feature","geometry":{"type":"Polygon","coordinates":[[[104.18236589500003,14.699270412000033],[104.19304419100007,14.735196275000021],[104.10308209000004,14.736092979000034],[104.08835892400003,14.702743554000051],[104.15499552200004,14.681315178000034],[104.18236589500003,14.699270412000033]]]},"properties":{"Shape_Leng":0.303152933941,"Shape_Area":0.00363187023072,"ADM3_EN":"Huai Samran","ADM3_TH":"ห้วยสำราญ","ADM3_PCODE":"TH330522","ADM3_REF":"","ADM3ALT1EN":"","ADM3ALT2EN":"","ADM3ALT1TH":"","ADM3ALT2TH":"","ADM2_EN":"Khukhan","ADM2_TH":"ขุขันธ์","ADM2_PCODE":"TH3305","ADM1_EN":"Si Sa Ket","ADM1_TH":"ศรีสะเกษ","ADM1_PCODE":"TH33","ADM0_EN":"Thailand","ADM0_TH":"ประเทศไทย","ADM0_PCODE":"TH","date":"2019-02-18T00:00:00.000Z","validOn":"2019-02-21T00:00:00.000Z","validTo":"1899-11-30T00:00:00.000Z"}},{"type":"Feature","geometry":{"type":"Polygon","coordinates":[[[104.08692585300008,14.542659036000032],[104.05164027100005,14.572445122000033],[104.03241897700008,14.545514096000034],[104.04572508100006,14.495418895000057],[104.05365911100006,14.494629927000062],[104.13427984700007,14.486771945000044],[104.08692585300008,14.542659036000032]]]},"properties":{"Shape_Leng":0.332536579305,"Shape_Area":0.00429625882308,"ADM3_EN":"Huai Ta Mon","ADM3_TH":"ห้วยตามอญ","ADM3_PCODE":"TH331702","ADM3_REF":"","ADM3ALT1EN":"","ADM3ALT2EN":"","ADM3ALT1TH":"","ADM3ALT2TH":"","ADM2_EN":"Phu Sing","ADM2_TH":"ภูสิงห์","ADM2_PCODE":"TH3317","ADM1_EN":"Si Sa Ket","ADM1_TH":"ศรีสะเกษ","ADM1_PCODE":"TH33","ADM0_EN":"Thailand","ADM0_TH":"ประเทศไทย","ADM0_PCODE":"TH","date":"2019-02-18T00:00:00.000Z","validOn":"2019-02-21T00:00:00.000Z","validTo":"1899-11-30T00:00:00.000Z"}},{"type":"Feature","geometry":{"type":"Polygon","coordinates":[[[104.19598700000006,14.698092332000044],[104.18236589500003,14.699270412000033],[104.15499552200004,14.681315178000034],[104.14503172400003,14.637008433000062],[104.19187901900005,14.630616289000045],[104.20804075800004,14.637702581000042],[104.20474768600008,14.657460245000038],[104.19598700000006,14.698092332000044]]]},"properties":{"Shape_Leng":0.243384428005,"Shape_Area":0.0030538803399,"ADM3_EN":"Huai Tai","ADM3_TH":"ห้วยใต้","ADM3_PCODE":"TH330510","ADM3_REF":"","ADM3ALT1EN":"","ADM3ALT2EN":"","ADM3ALT1TH":"","ADM3ALT2TH":"","ADM2_EN":"Khukhan","ADM2_TH":"ขุขันธ์","ADM2_PCODE":"TH3305","ADM1_EN":"Si Sa Ket","ADM1_TH":"ศรีสะเกษ","ADM1_PCODE":"TH33","ADM0_EN":"Thailand","ADM0_TH":"ประเทศไทย","ADM0_PCODE":"TH","date":"2019-02-18T00:00:00.000Z","validOn":"2019-02-21T00:00:00.000Z","validTo":"1899-11-30T00:00:00.000Z"}},{"type":"Feature","geometry":{"type":"Polygon","coordinates":[[[104.08329338900006,15.071118639000076],[104.06122738200008,15.088041622000048],[104.02007604200008,15.078658368000049],[104.01468029500006,15.052602385000057],[104.01882284300007,15.04197369600007],[104.08329338900006,15.071118639000076]]]},"properties":{"Shape_Leng":0.228939784986,"Shape_Area":0.00240036491343,"ADM3_EN":"Huai Thap Than","ADM3_TH":"ห้วยทับทัน","ADM3_PCODE":"TH331201","ADM3_REF":"","ADM3ALT1EN":"","ADM3ALT2EN":"","ADM3ALT1TH":"","ADM3ALT2TH":"","ADM2_EN":"Huai Thap Than","ADM2_TH":"ห้วยทับทัน","ADM2_PCODE":"TH3312","ADM1_EN":"Si Sa Ket","ADM1_TH":"ศรีสะเกษ","ADM1_PCODE":"TH33","ADM0_EN":"Thailand","ADM0_TH":"ประเทศไทย","ADM0_PCODE":"TH","date":"2019-02-18T00:00:00.000Z","validOn":"2019-02-21T00:00:00.000Z","validTo":"1899-11-30T00:00:00.000Z"}},{"type":"Feature","geometry":{"type":"Polygon","coordinates":[[[104.13472860300004,14.63058200000006],[104.10280805000008,14.613886225000044],[104.08692585300008,14.542659036000032],[104.13427984700007,14.486771945000044],[104.14757131600004,14.52459736000003],[104.15262448500005,14.57353749300006],[104.13472860300004,14.63058200000006]]]},"properties":{"Shape_Leng":0.417636728432,"Shape_Area":0.00570790953165,"ADM3_EN":"Huai Tuek Chu","ADM3_TH":"ห้วยตึ๊กชู","ADM3_PCODE":"TH331703","ADM3_REF":"","ADM3ALT1EN":"","ADM3ALT2EN":"","ADM3ALT1TH":"","ADM3ALT2TH":"","ADM2_EN":"Phu Sing","ADM2_TH":"ภูสิงห์","ADM2_PCODE":"TH3317","ADM1_EN":"Si Sa Ket","ADM1_TH":"ศรีสะเกษ","ADM1_PCODE":"TH33","ADM0_EN":"Thailand","ADM0_TH":"ประเทศไทย","ADM0_PCODE":"TH","date":"2019-02-18T00:00:00.000Z","validOn":"2019-02-21T00:00:00.000Z","validTo":"1899-11-30T00:00:00.000Z"}},{"type":"Feature","geometry":{"type":"Polygon","coordinates":[[[104.21816584600003,15.20200772800007],[104.20708953000008,15.23650178500003],[104.20014868500004,15.23358410700007],[104.15765969900008,15.193143243000065],[104.16645809100004,15.181265402000065],[104.17118001600005,15.169810792000021],[104.21816584600003,15.20200772800007]]]},"properties":{"Shape_Leng":0.240071444541,"Shape_Area":0.00153546409117,"ADM3_EN":"I Lam","ADM3_TH":"อี่หล่ำ","ADM3_PCODE":"TH331002","ADM3_REF":"","ADM3ALT1EN":"","ADM3ALT2EN":"","ADM3ALT1TH":"","ADM3ALT2TH":"","ADM2_EN":"Uthumphon Phisai","ADM2_TH":"อุทุมพรพิสัย","ADM2_PCODE":"TH3310","ADM1_EN":"Si Sa Ket","ADM1_TH":"ศรีสะเกษ","ADM1_PCODE":"TH33","ADM0_EN":"Thailand","ADM0_TH":"ประเทศไทย","ADM0_PCODE":"TH","date":"2019-02-18T00:00:00.000Z","validOn":"2019-02-21T00:00:00.000Z","validTo":"1899-11-30T00:00:00.000Z"}},{"type":"Feature","geometry":{"type":"Polygon","coordinates":[[[104.52326882400007,15.252660624000043],[104.50416235300008,15.267662294000047],[104.48280729500004,15.267853125000045],[104.46388593800003,15.223189665000064],[104.51019948200008,15.166719061000038],[104.52326882400007,15.252660624000043]]]},"properties":{"Shape_Leng":0.277236892934,"Shape_Area":0.0044018054236,"ADM3_EN":"I Pat","ADM3_TH":"อีปาด","ADM3_PCODE":"TH330310","ADM3_REF":"","ADM3ALT1EN":"","ADM3ALT2EN":"","ADM3ALT1TH":"","ADM3ALT2TH":"","ADM2_EN":"Kanthararom","ADM2_TH":"กันทรารมย์","ADM2_PCODE":"TH3303","ADM1_EN":"Si Sa Ket","ADM1_TH":"ศรีสะเกษ","ADM1_PCODE":"TH33","ADM0_EN":"Thailand","ADM0_TH":"ประเทศไทย","ADM0_PCODE":"TH","date":"2019-02-18T00:00:00.000Z","validOn":"2019-02-21T00:00:00.000Z","validTo":"1899-11-30T00:00:00.000Z"}},{"type":"Feature","geometry":{"type":"Polygon","coordinates":[[[104.01524377900006,15.289547106000043],[103.97234216000004,15.279155166000066],[103.99682811900004,15.252214137000067],[104.02065633700005,15.241983616000027],[104.02893824300008,15.288904237000054],[104.01524377900006,15.289547106000043]]]},"properties":{"Shape_Leng":0.224898377678,"Shape_Area":0.00168501248558,"ADM3_EN":"I Se","ADM3_TH":"อีเซ","ADM3_PCODE":"TH332105","ADM3_REF":"","ADM3ALT1EN":"","ADM3ALT2EN":"","ADM3ALT1TH":"","ADM3ALT2TH":"","ADM2_EN":"Pho Si Suwan","ADM2_TH":"โพธิ์ศรีสุวรรณ","ADM2_PCODE":"TH3321","ADM1_EN":"Si Sa Ket","ADM1_TH":"ศรีสะเกษ","ADM1_PCODE":"TH33","ADM0_EN":"Thailand","ADM0_TH":"ประเทศไทย","ADM0_PCODE":"TH","date":"2019-02-18T00:00:00.000Z","validOn":"2019-02-21T00:00:00.000Z","validTo":"1899-11-30T00:00:00.000Z"}},{"type":"Feature","geometry":{"type":"Polygon","coordinates":[[[104.15875570100008,15.119067952000023],[104.12324362900006,15.121375356000044],[104.13977146400003,15.089477548000048],[104.15665700300008,15.074297237000053],[104.17120698500008,15.096844056000066],[104.16763156700006,15.097616086000073],[104.15875570100008,15.119067952000023]]]},"properties":{"Shape_Leng":0.170533182733,"Shape_Area":0.00117050608138,"ADM3_EN":"Kamphaeng","ADM3_TH":"กำแพง","ADM3_PCODE":"TH331001","ADM3_REF":"","ADM3ALT1EN":"","ADM3ALT2EN":"","ADM3ALT1TH":"","ADM3ALT2TH":"","ADM2_EN":"Uthumphon Phisai","ADM2_TH":"อุทุมพรพิสัย","ADM2_PCODE":"TH3310","ADM1_EN":"Si Sa Ket","ADM1_TH":"ศรีสะเกษ","ADM1_PCODE":"TH33","ADM0_EN":"Thailand","ADM0_TH":"ประเทศไทย","ADM0_PCODE":"TH","date":"2019-02-18T00:00:00.000Z","validOn":"2019-02-21T00:00:00.000Z","validTo":"1899-11-30T00:00:00.000Z"}},{"type":"Feature","geometry":{"type":"Polygon","coordinates":[[[104.12033947400005,15.071775273000071],[104.11825416100004,15.046580593000044],[104.13642708700007,15.013959753000051],[104.14921826100004,15.019521764000046],[104.17472498300003,15.046619906000046],[104.15665700300008,15.074297237000053],[104.13977146400003,15.089477548000048],[104.12033947400005,15.071775273000071]]]},"properties":{"Shape_Leng":0.269247602247,"Shape_Area":0.00266534302542,"ADM3_EN":"Kan Lueang","ADM3_TH":"ก้านเหลือง","ADM3_PCODE":"TH331003","ADM3_REF":"","ADM3ALT1EN":"","ADM3ALT2EN":"","ADM3ALT1TH":"","ADM3ALT2TH":"","ADM2_EN":"Uthumphon Phisai","ADM2_TH":"อุทุมพรพิสัย","ADM2_PCODE":"TH3310","ADM1_EN":"Si Sa Ket","ADM1_TH":"ศรีสะเกษ","ADM1_PCODE":"TH33","ADM0_EN":"Thailand","ADM0_TH":"ประเทศไทย","ADM0_PCODE":"TH","date":"2019-02-18T00:00:00.000Z","validOn":"2019-02-21T00:00:00.000Z","validTo":"1899-11-30T00:00:00.000Z"}},{"type":"Feature","geometry":{"type":"Polygon","coordinates":[[[104.37783297700008,14.592665709000073],[104.37685229200008,14.610517507000054],[104.34802746400004,14.600341234000041],[104.28473704900006,14.583140095000033],[104.28811152400004,14.516130834000023],[104.25567640700007,14.501712797000039],[104.25676473800007,14.49531896800005],[104.27679124200006,14.408464510000044],[104.32230395800008,14.372870766000062],[104.30906205100007,14.425703809000026],[104.33472465700004,14.519446094000045],[104.38730933600004,14.576327566000032],[104.37783297700008,14.592665709000073]]]},"properties":{"Shape_Leng":0.732916491837,"Shape_Area":0.0136185198386,"ADM3_EN":"Kan Throm","ADM3_TH":"กันทรอม","ADM3_PCODE":"TH330809","ADM3_REF":"","ADM3ALT1EN":"","ADM3ALT2EN":"","ADM3ALT1TH":"","ADM3ALT2TH":"","ADM2_EN":"Khun Han","ADM2_TH":"ขุนหาญ","ADM2_PCODE":"TH3308","ADM1_EN":"Si Sa Ket","ADM1_TH":"ศรีสะเกษ","ADM1_PCODE":"TH33","ADM0_EN":"Thailand","ADM0_TH":"ประเทศไทย","ADM0_PCODE":"TH","date":"2019-02-18T00:00:00.000Z","validOn":"2019-02-21T00:00:00.000Z","validTo":"1899-11-30T00:00:00.000Z"}},{"type":"Feature","geometry":{"type":"Polygon","coordinates":[[[104.10308209000004,14.736092979000034],[104.04472125300003,14.745741506000059],[104.03529742900008,14.699054861000036],[104.07629418400006,14.683877886000062],[104.08835892400003,14.702743554000051],[104.10308209000004,14.736092979000034]]]},"properties":{"Shape_Leng":0.29375756517,"Shape_Area":0.00332612374371,"ADM3_EN":"Kanthararom","ADM3_TH":"กันทรารมย์","ADM3_PCODE":"TH330501","ADM3_REF":"","ADM3ALT1EN":"","ADM3ALT2EN":"","ADM3ALT1TH":"","ADM3ALT2TH":"","ADM2_EN":"Khukhan","ADM2_TH":"ขุขันธ์","ADM2_PCODE":"TH3305","ADM1_EN":"Si Sa Ket","ADM1_TH":"ศรีสะเกษ","ADM1_PCODE":"TH33","ADM0_EN":"Thailand","ADM0_TH":"ประเทศไทย","ADM0_PCODE":"TH","date":"2019-02-18T00:00:00.000Z","validOn":"2019-02-21T00:00:00.000Z","validTo":"1899-11-30T00:00:00.000Z"}},{"type":"Feature","geometry":{"type":"Polygon","coordinates":[[[104.23352432500008,15.069077808000031],[104.17120698500008,15.096844056000066],[104.15665700300008,15.074297237000053],[104.17472498300003,15.046619906000046],[104.21769352600006,15.051570297000069],[104.23352432500008,15.069077808000031]]]},"properties":{"Shape_Leng":0.292896960676,"Shape_Area":0.00214219514227,"ADM3_EN":"Khae","ADM3_TH":"แข้","ADM3_PCODE":"TH331015","ADM3_REF":"","ADM3ALT1EN":"","ADM3ALT2EN":"","ADM3ALT1TH":"","ADM3ALT2TH":"","ADM2_EN":"Uthumphon Phisai","ADM2_TH":"อุทุมพรพิสัย","ADM2_PCODE":"TH3310","ADM1_EN":"Si Sa Ket","ADM1_TH":"ศรีสะเกษ","ADM1_PCODE":"TH33","ADM0_EN":"Thailand","ADM0_TH":"ประเทศไทย","ADM0_PCODE":"TH","date":"2019-02-18T00:00:00.000Z","validOn":"2019-02-21T00:00:00.000Z","validTo":"1899-11-30T00:00:00.000Z"}},{"type":"Feature","geometry":{"type":"Polygon","coordinates":[[[104.14445983400009,15.221565585000064],[104.12526204000005,15.23459882800006],[104.10996105900006,15.189120187000071],[104.11075427400004,15.182574483000053],[104.12241352000007,15.166000328000052],[104.16645809100004,15.181265402000065],[104.15765969900008,15.193143243000065],[104.14445983400009,15.221565585000064]]]},"properties":{"Shape_Leng":0.22490498073,"Shape_Area":0.00198394016612,"ADM3_EN":"Khaem","ADM3_TH":"แขม","ADM3_PCODE":"TH331006","ADM3_REF":"","ADM3ALT1EN":"","ADM3ALT2EN":"","ADM3ALT1TH":"","ADM3ALT2TH":"","ADM2_EN":"Uthumphon Phisai","ADM2_TH":"อุทุมพรพิสัย","ADM2_PCODE":"TH3310","ADM1_EN":"Si Sa Ket","ADM1_TH":"ศรีสะเกษ","ADM1_PCODE":"TH33","ADM0_EN":"Thailand","ADM0_TH":"ประเทศไทย","ADM0_PCODE":"TH","date":"2019-02-18T00:00:00.000Z","validOn":"2019-02-21T00:00:00.000Z","validTo":"1899-11-30T00:00:00.000Z"}},{"type":"Feature","geometry":{"type":"Polygon","coordinates":[[[104.58661425800005,15.079779389000066],[104.55016861900003,15.100359954000055],[104.54088911100007,15.079979223000066],[104.62574168200007,15.039455633000046],[104.58661425800005,15.079779389000066]]]},"properties":{"Shape_Leng":0.225259464748,"Shape_Area":0.00176618351449,"ADM3_EN":"Kham Niam","ADM3_TH":"คำเนียม","ADM3_PCODE":"TH330320","ADM3_REF":"","ADM3ALT1EN":"","ADM3ALT2EN":"","ADM3ALT1TH":"","ADM3ALT2TH":"","ADM2_EN":"Kanthararom","ADM2_TH":"กันทรารมย์","ADM2_PCODE":"TH3303","ADM1_EN":"Si Sa Ket","ADM1_TH":"ศรีสะเกษ","ADM1_PCODE":"TH33","ADM0_EN":"Thailand","ADM0_TH":"ประเทศไทย","ADM0_PCODE":"TH","date":"2019-02-18T00:00:00.000Z","validOn":"2019-02-21T00:00:00.000Z","validTo":"1899-11-30T00:00:00.000Z"}},{"type":"Feature","geometry":{"type":"Polygon","coordinates":[[[104.83682555600006,14.629702253000062],[104.77596930800007,14.644249419000062],[104.74974153400007,14.569909039000038],[104.76213217200007,14.564323213000023],[104.81896111700007,14.559403900000063],[104.83682555600006,14.629702253000062]]]},"properties":{"Shape_Leng":0.367846143848,"Shape_Area":0.00469253053545,"ADM3_EN":"Khanun","ADM3_TH":"ขนุน","ADM3_PCODE":"TH330420","ADM3_REF":"","ADM3ALT1EN":"","ADM3ALT2EN":"","ADM3ALT1TH":"","ADM3ALT2TH":"","ADM2_EN":"Kantharalak","ADM2_TH":"กันทรลักษ์","ADM2_PCODE":"TH3304","ADM1_EN":"Si Sa Ket","ADM1_TH":"ศรีสะเกษ","ADM1_PCODE":"TH33","ADM0_EN":"Thailand","ADM0_TH":"ประเทศไทย","ADM0_PCODE":"TH","date":"2019-02-18T00:00:00.000Z","validOn":"2019-02-21T00:00:00.000Z","validTo":"1899-11-30T00:00:00.000Z"}},{"type":"Feature","geometry":{"type":"Polygon","coordinates":[[[104.26842937700007,15.107158192000043],[104.24637499600004,15.160372967000058],[104.22323854300004,15.154498276000027],[104.20066039300008,15.12978647400007],[104.20167581900006,15.119010459000037],[104.25928127000009,15.09414802200007],[104.26842937700007,15.107158192000043]]]},"properties":{"Shape_Leng":0.24544405722,"Shape_Area":0.00227019178561,"ADM3_EN":"Khayung","ADM3_TH":"ขะยูง","ADM3_PCODE":"TH331008","ADM3_REF":"","ADM3ALT1EN":"","ADM3ALT2EN":"","ADM3ALT1TH":"","ADM3ALT2TH":"","ADM2_EN":"Uthumphon Phisai","ADM2_TH":"อุทุมพรพิสัย","ADM2_PCODE":"TH3310","ADM1_EN":"Si Sa Ket","ADM1_TH":"ศรีสะเกษ","ADM1_PCODE":"TH33","ADM0_EN":"Thailand","ADM0_TH":"ประเทศไทย","ADM0_PCODE":"TH","date":"2019-02-18T00:00:00.000Z","validOn":"2019-02-21T00:00:00.000Z","validTo":"1899-11-30T00:00:00.000Z"}},{"type":"Feature","geometry":{"type":"Polygon","coordinates":[[[104.12173508800004,15.563130354000066],[104.08552934900007,15.550517764000062],[104.06422024200003,15.521718023000062],[104.11596615300004,15.489134662000026],[104.14117081300009,15.503356647000032],[104.14118661900005,15.528667011000039],[104.12173508800004,15.563130354000066]]]},"properties":{"Shape_Leng":0.332680919209,"Shape_Area":0.00313752216438,"ADM3_EN":"Khli Kling","ADM3_TH":"คลีกลิ้ง","ADM3_PCODE":"TH332202","ADM3_REF":"","ADM3ALT1EN":"","ADM3ALT2EN":"","ADM3ALT1TH":"","ADM3ALT2TH":"","ADM2_EN":"Sila Lat","ADM2_TH":"ศิลาลาด","ADM2_PCODE":"TH3322","ADM1_EN":"Si Sa Ket","ADM1_TH":"ศรีสะเกษ","ADM1_PCODE":"TH33","ADM0_EN":"Thailand","ADM0_TH":"ประเทศไทย","ADM0_PCODE":"TH","date":"2019-02-18T00:00:00.000Z","validOn":"2019-02-21T00:00:00.000Z","validTo":"1899-11-30T00:00:00.000Z"}},{"type":"Feature","geometry":{"type":"Polygon","coordinates":[[[104.60095200300009,14.887651936000054],[104.55092455300007,14.882399087000067],[104.54753981500005,14.834709330000067],[104.60569155800005,14.816978324000047],[104.61286029500008,14.86787825700003],[104.60095200300009,14.887651936000054]]]},"properties":{"Shape_Leng":0.343966658085,"Shape_Area":0.00405014276606,"ADM3_EN":"Khoen","ADM3_TH":"เขิน","ADM3_PCODE":"TH331504","ADM3_REF":"","ADM3ALT1EN":"","ADM3ALT2EN":"","ADM3ALT1TH":"","ADM3ALT2TH":"","ADM2_EN":"Nam Kliang","ADM2_TH":"น้ำเกลี้ยง","ADM2_PCODE":"TH3315","ADM1_EN":"Si Sa Ket","ADM1_TH":"ศรีสะเกษ","ADM1_PCODE":"TH33","ADM0_EN":"Thailand","ADM0_TH":"ประเทศไทย","ADM0_PCODE":"TH","date":"2019-02-18T00:00:00.000Z","validOn":"2019-02-21T00:00:00.000Z","validTo":"1899-11-30T00:00:00.000Z"}},{"type":"Feature","geometry":{"type":"Polygon","coordinates":[[[104.11505557400005,14.987040192000052],[104.08854785700004,14.995277758000043],[104.08760737600005,14.992470018000063],[104.09484664300004,14.938202029000024],[104.12534540400009,14.94471984200004],[104.11505557400005,14.987040192000052]]]},"properties":{"Shape_Leng":0.225481525977,"Shape_Area":0.00175923158437,"ADM3_EN":"Khok Chan","ADM3_TH":"โคกจาน","ADM3_PCODE":"TH331025","ADM3_REF":"","ADM3ALT1EN":"","ADM3ALT2EN":"","ADM3ALT1TH":"","ADM3ALT2TH":"","ADM2_EN":"Uthumphon Phisai","ADM2_TH":"อุทุมพรพิสัย","ADM2_PCODE":"TH3310","ADM1_EN":"Si Sa Ket","ADM1_TH":"ศรีสะเกษ","ADM1_PCODE":"TH33","ADM0_EN":"Thailand","ADM0_TH":"ประเทศไทย","ADM0_PCODE":"TH","date":"2019-02-18T00:00:00.000Z","validOn":"2019-02-21T00:00:00.000Z","validTo":"1899-11-30T00:00:00.000Z"}},{"type":"Feature","geometry":{"type":"Polygon","coordinates":[[[104.20014868500004,15.23358410700007],[104.16766011100003,15.242804567000064],[104.14445983400009,15.221565585000064],[104.15765969900008,15.193143243000065],[104.20014868500004,15.23358410700007]]]},"properties":{"Shape_Leng":0.174078361697,"Shape_Area":0.00130966585658,"ADM3_EN":"Khok Lam","ADM3_TH":"โคกหล่าม","ADM3_PCODE":"TH331024","ADM3_REF":"","ADM3ALT1EN":"","ADM3ALT2EN":"","ADM3ALT1TH":"","ADM3ALT2TH":"","ADM2_EN":"Uthumphon Phisai","ADM2_TH":"อุทุมพรพิสัย","ADM2_PCODE":"TH3310","ADM1_EN":"Si Sa Ket","ADM1_TH":"ศรีสะเกษ","ADM1_PCODE":"TH33","ADM0_EN":"Thailand","ADM0_TH":"ประเทศไทย","ADM0_PCODE":"TH","date":"2019-02-18T00:00:00.000Z","validOn":"2019-02-21T00:00:00.000Z","validTo":"1899-11-30T00:00:00.000Z"}},{"type":"Feature","geometry":{"type":"Polygon","coordinates":[[[104.14242370600005,14.83917675400005],[104.13537605300007,14.85422679900006],[104.12740294700006,14.848731482000062],[104.12219745300007,14.783294226000066],[104.12822171400006,14.773855003000051],[104.17722990800007,14.781559740000034],[104.17744867500005,14.799678635000078],[104.14242370600005,14.83917675400005]]]},"properties":{"Shape_Leng":0.320449703283,"Shape_Area":0.00248712153463,"ADM3_EN":"Khok Phet","ADM3_TH":"โคกเพชร","ADM3_PCODE":"TH330517","ADM3_REF":"","ADM3ALT1EN":"","ADM3ALT2EN":"","ADM3ALT1TH":"","ADM3ALT2TH":"","ADM2_EN":"Khukhan","ADM2_TH":"ขุขันธ์","ADM2_PCODE":"TH3305","ADM1_EN":"Si Sa Ket","ADM1_TH":"ศรีสะเกษ","ADM1_PCODE":"TH33","ADM0_EN":"Thailand","ADM0_TH":"ประเทศไทย","ADM0_PCODE":"TH","date":"2019-02-18T00:00:00.000Z","validOn":"2019-02-21T00:00:00.000Z","validTo":"1899-11-30T00:00:00.000Z"}},{"type":"Feature","geometry":{"type":"Polygon","coordinates":[[[104.25567640700007,14.501712797000039],[104.24778494900005,14.579368871000042],[104.20619763400003,14.579008122000062],[104.15262448500005,14.57353749300006],[104.14757131600004,14.52459736000003],[104.25676473800007,14.49531896800005],[104.25567640700007,14.501712797000039]]]},"properties":{"Shape_Leng":0.401226035604,"Shape_Area":0.00644958710069,"ADM3_EN":"Khok Tan","ADM3_TH":"โคกตาล","ADM3_PCODE":"TH331701","ADM3_REF":"","ADM3ALT1EN":"","ADM3ALT2EN":"","ADM3ALT1TH":"","ADM3ALT2TH":"","ADM2_EN":"Phu Sing","ADM2_TH":"ภูสิงห์","ADM2_PCODE":"TH3317","ADM1_EN":"Si Sa Ket","ADM1_TH":"ศรีสะเกษ","ADM1_PCODE":"TH33","ADM0_EN":"Thailand","ADM0_TH":"ประเทศไทย","ADM0_PCODE":"TH","date":"2019-02-18T00:00:00.000Z","validOn":"2019-02-21T00:00:00.000Z","validTo":"1899-11-30T00:00:00.000Z"}},{"type":"Feature","geometry":{"type":"Polygon","coordinates":[[[104.37571576900007,15.259223599000052],[104.33105245200005,15.264049907000071],[104.33599001900006,15.20546207600006],[104.38568568000005,15.193341903000032],[104.38169504200005,15.202039652000053],[104.37699737800006,15.216206142000033],[104.37571576900007,15.259223599000052]]]},"properties":{"Shape_Leng":0.288875721096,"Shape_Area":0.00252834828239,"ADM3_EN":"Khon Kam","ADM3_TH":"คอนกาม","ADM3_PCODE":"TH330203","ADM3_REF":"","ADM3ALT1EN":"","ADM3ALT2EN":"","ADM3ALT1TH":"","ADM3ALT2TH":"","ADM2_EN":"Yang Chum Noi","ADM2_TH":"ยางชุมน้อย","ADM2_PCODE":"TH3302","ADM1_EN":"Si Sa Ket","ADM1_TH":"ศรีสะเกษ","ADM1_PCODE":"TH33","ADM0_EN":"Thailand","ADM0_TH":"ประเทศไทย","ADM0_PCODE":"TH","date":"2019-02-18T00:00:00.000Z","validOn":"2019-02-21T00:00:00.000Z","validTo":"1899-11-30T00:00:00.000Z"}},{"type":"Feature","geometry":{"type":"Polygon","coordinates":[[[104.29021354500009,15.247629577000055],[104.27401765300004,15.252022239000041],[104.24533577300008,15.226511735000031],[104.24571997400005,15.181352249000042],[104.26639158700004,15.182860033000054],[104.28519661900003,15.182991787000049],[104.31469965900004,15.216261727000074],[104.29021354500009,15.247629577000055]]]},"properties":{"Shape_Leng":0.255074426649,"Shape_Area":0.00293746454776,"ADM3_EN":"Khu Sot","ADM3_TH":"คูซอด","ADM3_PCODE":"TH330103","ADM3_REF":"","ADM3ALT1EN":"","ADM3ALT2EN":"","ADM3ALT1TH":"","ADM3ALT2TH":"","ADM2_EN":"Mueang Si Sa Ket","ADM2_TH":"เมืองศรีสะเกษ","ADM2_PCODE":"TH3301","ADM1_EN":"Si Sa Ket","ADM1_TH":"ศรีสะเกษ","ADM1_PCODE":"TH33","ADM0_EN":"Thailand","ADM0_TH":"ประเทศไทย","ADM0_PCODE":"TH","date":"2019-02-18T00:00:00.000Z","validOn":"2019-02-21T00:00:00.000Z","validTo":"1899-11-30T00:00:00.000Z"}},{"type":"Feature","geometry":{"type":"Polygon","coordinates":[[[104.39267865900007,14.62793007700003],[104.37196882900008,14.666735525000036],[104.34802746400004,14.600341234000041],[104.37685229200008,14.610517507000054],[104.39267865900007,14.62793007700003]]]},"properties":{"Shape_Leng":0.195568082496,"Shape_Area":0.00163590214074,"ADM3_EN":"Khun Han","ADM3_TH":"ขุนหาญ","ADM3_PCODE":"TH330807","ADM3_REF":"","ADM3ALT1EN":"","ADM3ALT2EN":"","ADM3ALT1TH":"","ADM3ALT2TH":"","ADM2_EN":"Khun Han","ADM2_TH":"ขุนหาญ","ADM2_PCODE":"TH3308","ADM1_EN":"Si Sa Ket","ADM1_TH":"ศรีสะเกษ","ADM1_PCODE":"TH33","ADM0_EN":"Thailand","ADM0_TH":"ประเทศไทย","ADM0_PCODE":"TH","date":"2019-02-18T00:00:00.000Z","validOn":"2019-02-21T00:00:00.000Z","validTo":"1899-11-30T00:00:00.000Z"}},{"type":"Feature","geometry":{"type":"Polygon","coordinates":[[[104.62300964000008,15.005519269000047],[104.56355444800005,15.006660530000033],[104.55756093100007,14.97684451300006],[104.49790206100005,14.950142006000021],[104.49301627800008,14.944450498000037],[104.60050595500007,14.94084672100007],[104.59744130200005,14.947354046000044],[104.62300964000008,15.005519269000047]]]},"properties":{"Shape_Leng":0.524035264595,"Shape_Area":0.00479914958662,"ADM3_EN":"Khup","ADM3_TH":"คูบ","ADM3_PCODE":"TH331506","ADM3_REF":"","ADM3ALT1EN":"","ADM3ALT2EN":"","ADM3ALT1TH":"","ADM3ALT2TH":"","ADM2_EN":"Nam Kliang","ADM2_TH":"น้ำเกลี้ยง","ADM2_PCODE":"TH3315","ADM1_EN":"Si Sa Ket","ADM1_TH":"ศรีสะเกษ","ADM1_PCODE":"TH33","ADM0_EN":"Thailand","ADM0_TH":"ประเทศไทย","ADM0_PCODE":"TH","date":"2019-02-18T00:00:00.000Z","validOn":"2019-02-21T00:00:00.000Z","validTo":"1899-11-30T00:00:00.000Z"}},{"type":"Feature","geometry":{"type":"Polygon","coordinates":[[[104.08760737600005,14.992470018000063],[104.05572449200008,15.00023374400007],[104.05258936800004,14.952262998000037],[104.05237769700005,14.940179421000039],[104.09484664300004,14.938202029000024],[104.08760737600005,14.992470018000063]]]},"properties":{"Shape_Leng":0.225889105382,"Shape_Area":0.00222029148259,"ADM3_EN":"Kluai Kwang","ADM3_TH":"กล้วยกว้าง","ADM3_PCODE":"TH331203","ADM3_REF":"","ADM3ALT1EN":"","ADM3ALT2EN":"","ADM3ALT1TH":"","ADM3ALT2TH":"","ADM2_EN":"Huai Thap Than","ADM2_TH":"ห้วยทับทัน","ADM2_PCODE":"TH3312","ADM1_EN":"Si Sa Ket","ADM1_TH":"ศรีสะเกษ","ADM1_PCODE":"TH33","ADM0_EN":"Thailand","ADM0_TH":"ประเทศไทย","ADM0_PCODE":"TH","date":"2019-02-18T00:00:00.000Z","validOn":"2019-02-21T00:00:00.000Z","validTo":"1899-11-30T00:00:00.000Z"}},{"type":"Feature","geometry":{"type":"Polygon","coordinates":[[[104.58911433700007,14.61040551900004],[104.59823433600008,14.69284981800007],[104.58414344300007,14.720316318000073],[104.54250706800008,14.680991033000055],[104.51710163500007,14.648784598000077],[104.54352863300005,14.601723187000061],[104.58911433700007,14.61040551900004]]]},"properties":{"Shape_Leng":0.357229265962,"Shape_Area":0.00637143320339,"ADM3_EN":"Krachaeng","ADM3_TH":"กระแชง","ADM3_PCODE":"TH330414","ADM3_REF":"","ADM3ALT1EN":"","ADM3ALT2EN":"","ADM3ALT1TH":"","ADM3ALT2TH":"","ADM2_EN":"Kantharalak","ADM2_TH":"กันทรลักษ์","ADM2_PCODE":"TH3304","ADM1_EN":"Si Sa Ket","ADM1_TH":"ศรีสะเกษ","ADM1_PCODE":"TH33","ADM0_EN":"Thailand","ADM0_TH":"ประเทศไทย","ADM0_PCODE":"TH","date":"2019-02-18T00:00:00.000Z","validOn":"2019-02-21T00:00:00.000Z","validTo":"1899-11-30T00:00:00.000Z"}},{"type":"Feature","geometry":{"type":"Polygon","coordinates":[[[104.42594766300004,14.677315242000077],[104.42051942000006,14.707111653000027],[104.39566901100005,14.686484810000024],[104.36271985800005,14.673616742000036],[104.37196882900008,14.666735525000036],[104.39267865900007,14.62793007700003],[104.41366953800008,14.64140726100004],[104.43054381800005,14.664921202000073],[104.42594766300004,14.677315242000077]]]},"properties":{"Shape_Leng":0.291357255379,"Shape_Area":0.00259144446922,"ADM3_EN":"Krawan","ADM3_TH":"กระหวัน","ADM3_PCODE":"TH330806","ADM3_REF":"","ADM3ALT1EN":"","ADM3ALT2EN":"","ADM3ALT1TH":"","ADM3ALT2TH":"","ADM2_EN":"Khun Han","ADM2_TH":"ขุนหาญ","ADM2_PCODE":"TH3308","ADM1_EN":"Si Sa Ket","ADM1_TH":"ศรีสะเกษ","ADM1_PCODE":"TH33","ADM0_EN":"Thailand","ADM0_TH":"ประเทศไทย","ADM0_PCODE":"TH","date":"2019-02-18T00:00:00.000Z","validOn":"2019-02-21T00:00:00.000Z","validTo":"1899-11-30T00:00:00.000Z"}},{"type":"Feature","geometry":{"type":"Polygon","coordinates":[[[104.29340360800006,14.887320812000041],[104.22123553400007,14.893397037000057],[104.21875860000006,14.894666534000066],[104.21842122900006,14.856725446000041],[104.21997150100003,14.840400956000053],[104.28346303000006,14.855886811000062],[104.29340360800006,14.887320812000041]]]},"properties":{"Shape_Leng":0.239637251643,"Shape_Area":0.00319924490057,"ADM3_EN":"Kritsana","ADM3_TH":"กฤษณา","ADM3_PCODE":"TH330524","ADM3_REF":"","ADM3ALT1EN":"","ADM3ALT2EN":"","ADM3ALT1TH":"","ADM3ALT2TH":"","ADM2_EN":"Khukhan","ADM2_TH":"ขุขันธ์","ADM2_PCODE":"TH3305","ADM1_EN":"Si Sa Ket","ADM1_TH":"ศรีสะเกษ","ADM1_PCODE":"TH33","ADM0_EN":"Thailand","ADM0_TH":"ประเทศไทย","ADM0_PCODE":"TH","date":"2019-02-18T00:00:00.000Z","validOn":"2019-02-21T00:00:00.000Z","validTo":"1899-11-30T00:00:00.000Z"}},{"type":"Feature","geometry":{"type":"Polygon","coordinates":[[[103.93366218200003,14.892158678000044],[103.92325141000003,14.892818347000059],[103.91493975700007,14.831402032000028],[103.97079314000007,14.811423799000067],[104.00186659600007,14.829375680000055],[104.01751829800008,14.862978185000031],[104.01671399000008,14.875351605000048],[103.93366218200003,14.892158678000044]]]},"properties":{"Shape_Leng":0.362550822144,"Shape_Area":0.00591387168696,"ADM3_EN":"Ku","ADM3_TH":"กู่","ADM3_PCODE":"TH330702","ADM3_REF":"","ADM3ALT1EN":"","ADM3ALT2EN":"","ADM3ALT1TH":"","ADM3ALT2TH":"","ADM2_EN":"Prang Ku","ADM2_TH":"ปรางค์กู่","ADM2_PCODE":"TH3307","ADM1_EN":"Si Sa Ket","ADM1_TH":"ศรีสะเกษ","ADM1_PCODE":"TH33","ADM0_EN":"Thailand","ADM0_TH":"ประเทศไทย","ADM0_PCODE":"TH","date":"2019-02-18T00:00:00.000Z","validOn":"2019-02-21T00:00:00.000Z","validTo":"1899-11-30T00:00:00.000Z"}},{"type":"Feature","geometry":{"type":"Polygon","coordinates":[[[104.11596615300004,15.489134662000026],[104.06422024200003,15.521718023000062],[104.05997604300006,15.502419313000075],[104.06642561600006,15.416917460000036],[104.09497141400004,15.429675090000046],[104.10781130900006,15.458779228000026],[104.11596615300004,15.489134662000026]]]},"properties":{"Shape_Leng":0.367328431291,"Shape_Area":0.00400728290988,"ADM3_EN":"Kung","ADM3_TH":"กุง","ADM3_PCODE":"TH332201","ADM3_REF":"","ADM3ALT1EN":"","ADM3ALT2EN":"","ADM3ALT1TH":"","ADM3ALT2TH":"","ADM2_EN":"Sila Lat","ADM2_TH":"ศิลาลาด","ADM2_PCODE":"TH3322","ADM1_EN":"Si Sa Ket","ADM1_TH":"ศรีสะเกษ","ADM1_PCODE":"TH33","ADM0_EN":"Thailand","ADM0_TH":"ประเทศไทย","ADM0_PCODE":"TH","date":"2019-02-18T00:00:00.000Z","validOn":"2019-02-21T00:00:00.000Z","validTo":"1899-11-30T00:00:00.000Z"}},{"type":"Feature","geometry":{"type":"Polygon","coordinates":[[[104.33599001900006,15.20546207600006],[104.33105245200005,15.264049907000071],[104.29021354500009,15.247629577000055],[104.31469965900004,15.216261727000074],[104.33599001900006,15.20546207600006]]]},"properties":{"Shape_Leng":0.200448531372,"Shape_Area":0.0018743257963,"ADM3_EN":"Kut Mueang Ham","ADM3_TH":"กุดเมืองฮาม","ADM3_PCODE":"TH330205","ADM3_REF":"","ADM3ALT1EN":"","ADM3ALT2EN":"","ADM3ALT1TH":"","ADM3ALT2TH":"","ADM2_EN":"Yang Chum Noi","ADM2_TH":"ยางชุมน้อย","ADM2_PCODE":"TH3302","ADM1_EN":"Si Sa Ket","ADM1_TH":"ศรีสะเกษ","ADM1_PCODE":"TH33","ADM0_EN":"Thailand","ADM0_TH":"ประเทศไทย","ADM0_PCODE":"TH","date":"2019-02-18T00:00:00.000Z","validOn":"2019-02-21T00:00:00.000Z","validTo":"1899-11-30T00:00:00.000Z"}},{"type":"Feature","geometry":{"type":"Polygon","coordinates":[[[104.83797212400003,14.739614919000076],[104.81468744400007,14.730319884000039],[104.77596930800007,14.644249419000062],[104.83682555600006,14.629702253000062],[104.84836659000007,14.659076233000064],[104.89047839200003,14.651406331000032],[104.86100021800007,14.709127046000049],[104.83797212400003,14.739614919000076]]]},"properties":{"Shape_Leng":0.45700141267,"Shape_Area":0.0061629937846,"ADM3_EN":"Kut Salao","ADM3_TH":"กุดเสลา","ADM3_PCODE":"TH330402","ADM3_REF":"","ADM3ALT1EN":"","ADM3ALT2EN":"","ADM3ALT1TH":"","ADM3ALT2TH":"","ADM2_EN":"Kantharalak","ADM2_TH":"กันทรลักษ์","ADM2_PCODE":"TH3304","ADM1_EN":"Si Sa Ket","ADM1_TH":"ศรีสะเกษ","ADM1_PCODE":"TH33","ADM0_EN":"Thailand","ADM0_TH":"ประเทศไทย","ADM0_PCODE":"TH","date":"2019-02-18T00:00:00.000Z","validOn":"2019-02-21T00:00:00.000Z","validTo":"1899-11-30T00:00:00.000Z"}},{"type":"Feature","geometry":{"type":"Polygon","coordinates":[[[104.49301627800008,14.944450498000037],[104.43135002800005,14.961143458000038],[104.44408181300008,14.902755027000069],[104.50889219200008,14.916265210000063],[104.49301627800008,14.944450498000037]]]},"properties":{"Shape_Leng":0.31049505045,"Shape_Area":0.00256397133747,"ADM3_EN":"La-O","ADM3_TH":"ละเอาะ","ADM3_PCODE":"TH331502","ADM3_REF":"","ADM3ALT1EN":"","ADM3ALT2EN":"","ADM3ALT1TH":"","ADM3ALT2TH":"","ADM2_EN":"Nam Kliang","ADM2_TH":"น้ำเกลี้ยง","ADM2_PCODE":"TH3315","ADM1_EN":"Si Sa Ket","ADM1_TH":"ศรีสะเกษ","ADM1_PCODE":"TH33","ADM0_EN":"Thailand","ADM0_TH":"ประเทศไทย","ADM0_PCODE":"TH","date":"2019-02-18T00:00:00.000Z","validOn":"2019-02-21T00:00:00.000Z","validTo":"1899-11-30T00:00:00.000Z"}},{"type":"Feature","geometry":{"type":"Polygon","coordinates":[[[104.59639714500008,14.505604273000074],[104.55475303200006,14.537337896000054],[104.52153857300004,14.52997158100004],[104.49270048600005,14.482248801000026],[104.50697867300005,14.452142442000024],[104.49824920000003,14.373393718000045],[104.58168670300006,14.356429405000029],[104.60754219600005,14.396531994000043],[104.59639714500008,14.505604273000074]]]},"properties":{"Shape_Leng":0.530197641651,"Shape_Area":0.0164399219911,"ADM3_EN":"Lalai","ADM3_TH":"ละลาย","ADM3_PCODE":"TH330407","ADM3_REF":"","ADM3ALT1EN":"","ADM3ALT2EN":"","ADM3ALT1TH":"","ADM3ALT2TH":"","ADM2_EN":"Kantharalak","ADM2_TH":"กันทรลักษ์","ADM2_PCODE":"TH3304","ADM1_EN":"Si Sa Ket","ADM1_TH":"ศรีสะเกษ","ADM1_PCODE":"TH33","ADM0_EN":"Thailand","ADM0_TH":"ประเทศไทย","ADM0_PCODE":"TH","date":"2019-02-18T00:00:00.000Z","validOn":"2019-02-21T00:00:00.000Z","validTo":"1899-11-30T00:00:00.000Z"}},{"type":"Feature","geometry":{"type":"Polygon","coordinates":[[[104.10280805000008,14.613886225000044],[104.05727489400005,14.621943053000052],[104.05852373700009,14.600611841000045],[104.05164027100005,14.572445122000033],[104.08692585300008,14.542659036000032],[104.10280805000008,14.613886225000044]]]},"properties":{"Shape_Leng":0.23255662086,"Shape_Area":0.00256259635168,"ADM3_EN":"Lalom","ADM3_TH":"ละลม","ADM3_PCODE":"TH331704","ADM3_REF":"","ADM3ALT1EN":"","ADM3ALT2EN":"","ADM3ALT1TH":"","ADM3ALT2TH":"","ADM2_EN":"Phu Sing","ADM2_TH":"ภูสิงห์","ADM2_PCODE":"TH3317","ADM1_EN":"Si Sa Ket","ADM1_TH":"ศรีสะเกษ","ADM1_PCODE":"TH33","ADM0_EN":"Thailand","ADM0_TH":"ประเทศไทย","ADM0_PCODE":"TH","date":"2019-02-18T00:00:00.000Z","validOn":"2019-02-21T00:00:00.000Z","validTo":"1899-11-30T00:00:00.000Z"}},{"type":"Feature","geometry":{"type":"Polygon","coordinates":[[[104.67889361700009,14.902239383000051],[104.60136704200005,14.901133901000037],[104.60095200300009,14.887651936000054],[104.61286029500008,14.86787825700003],[104.61749608500008,14.864624703000061],[104.67468278400008,14.857229550000056],[104.67889361700009,14.902239383000051]]]},"properties":{"Shape_Leng":0.298862857868,"Shape_Area":0.00305290187438,"ADM3_EN":"Lao Kwang","ADM3_TH":"เหล่ากวาง","ADM3_PCODE":"TH331305","ADM3_REF":"","ADM3ALT1EN":"","ADM3ALT2EN":"","ADM3ALT1TH":"","ADM3ALT2TH":"","ADM2_EN":"Non Khun","ADM2_TH":"โนนคูณ","ADM2_PCODE":"TH3313","ADM1_EN":"Si Sa Ket","ADM1_TH":"ศรีสะเกษ","ADM1_PCODE":"TH33","ADM0_EN":"Thailand","ADM0_TH":"ประเทศไทย","ADM0_PCODE":"TH","date":"2019-02-18T00:00:00.000Z","validOn":"2019-02-21T00:00:00.000Z","validTo":"1899-11-30T00:00:00.000Z"}},{"type":"Feature","geometry":{"type":"Polygon","coordinates":[[[104.60314180600005,15.199870904000022],[104.57709135100004,15.245562006000057],[104.55637536900008,15.141531790000045],[104.60102900800007,15.145734780000055],[104.60195899400009,15.153811611000037],[104.59989679100005,15.184943825000062],[104.60314180600005,15.199870904000022]]]},"properties":{"Shape_Leng":0.289901113636,"Shape_Area":0.00275765185143,"ADM3_EN":"Lathai","ADM3_TH":"ละทาย","ADM3_PCODE":"TH330308","ADM3_REF":"","ADM3ALT1EN":"","ADM3ALT2EN":"","ADM3ALT1TH":"","ADM3ALT2TH":"","ADM2_EN":"Kanthararom","ADM2_TH":"กันทรารมย์","ADM2_PCODE":"TH3303","ADM1_EN":"Si Sa Ket","ADM1_TH":"ศรีสะเกษ","ADM1_PCODE":"TH33","ADM0_EN":"Thailand","ADM0_TH":"ประเทศไทย","ADM0_PCODE":"TH","date":"2019-02-18T00:00:00.000Z","validOn":"2019-02-21T00:00:00.000Z","validTo":"1899-11-30T00:00:00.000Z"}},{"type":"Feature","geometry":{"type":"Polygon","coordinates":[[[104.43171981300009,15.150708955000027],[104.46294457500005,15.220207584000036],[104.41196306700004,15.193326006000063],[104.38169504200005,15.202039652000053],[104.38568568000005,15.193341903000032],[104.38518236800007,15.157917651000048],[104.42074657100005,15.146008365000057],[104.43171981300009,15.150708955000027]]]},"properties":{"Shape_Leng":0.290814223897,"Shape_Area":0.00315338502896,"ADM3_EN":"Lin Fa","ADM3_TH":"ลิ้นฟ้า","ADM3_PCODE":"TH330202","ADM3_REF":"","ADM3ALT1EN":"","ADM3ALT2EN":"","ADM3ALT1TH":"","ADM3ALT2TH":"","ADM2_EN":"Yang Chum Noi","ADM2_TH":"ยางชุมน้อย","ADM2_PCODE":"TH3302","ADM1_EN":"Si Sa Ket","ADM1_TH":"ศรีสะเกษ","ADM1_PCODE":"TH33","ADM0_EN":"Thailand","ADM0_TH":"ประเทศไทย","ADM0_PCODE":"TH","date":"2019-02-18T00:00:00.000Z","validOn":"2019-02-21T00:00:00.000Z","validTo":"1899-11-30T00:00:00.000Z"}},{"type":"Feature","geometry":{"type":"Polygon","coordinates":[[[104.30729095800007,14.77114561600007],[104.28862705400007,14.798922796000056],[104.25372252300008,14.751058146000048],[104.27160659900005,14.745507008000061],[104.29742526000007,14.737583777000054],[104.31045661000007,14.750281419000032],[104.30729095800007,14.77114561600007]]]},"properties":{"Shape_Leng":0.188529619088,"Shape_Area":0.00209190234284,"ADM3_EN":"Lom Sak","ADM3_TH":"ลมศักดิ์","ADM3_PCODE":"TH330525","ADM3_REF":"","ADM3ALT1EN":"","ADM3ALT2EN":"","ADM3ALT1TH":"","ADM3ALT2TH":"","ADM2_EN":"Khukhan","ADM2_TH":"ขุขันธ์","ADM2_PCODE":"TH3305","ADM1_EN":"Si Sa Ket","ADM1_TH":"ศรีสะเกษ","ADM1_PCODE":"TH33","ADM0_EN":"Thailand","ADM0_TH":"ประเทศไทย","ADM0_PCODE":"TH","date":"2019-02-18T00:00:00.000Z","validOn":"2019-02-21T00:00:00.000Z","validTo":"1899-11-30T00:00:00.000Z"}},{"type":"Feature","geometry":{"type":"Polygon","coordinates":[[[104.25908055600007,15.090428497000062],[104.23352432500008,15.069077808000031],[104.21769352600006,15.051570297000069],[104.24969899000007,15.013029108000069],[104.29948044100007,15.025789073000055],[104.29644719900006,15.04498436700004],[104.25908055600007,15.090428497000062]]]},"properties":{"Shape_Leng":0.324148920735,"Shape_Area":0.00323305990594,"ADM3_EN":"Mak Khiap","ADM3_TH":"หมากเขียบ","ADM3_PCODE":"TH330124","ADM3_REF":"","ADM3ALT1EN":"","ADM3ALT2EN":"","ADM3ALT1TH":"","ADM3ALT2TH":"","ADM2_EN":"Mueang Si Sa Ket","ADM2_TH":"เมืองศรีสะเกษ","ADM2_PCODE":"TH3301","ADM1_EN":"Si Sa Ket","ADM1_TH":"ศรีสะเกษ","ADM1_PCODE":"TH33","ADM0_EN":"Thailand","ADM0_TH":"ประเทศไทย","ADM0_PCODE":"TH","date":"2019-02-18T00:00:00.000Z","validOn":"2019-02-21T00:00:00.000Z","validTo":"1899-11-30T00:00:00.000Z"}},{"type":"Feature","geometry":{"type":"Polygon","coordinates":[[[104.65986915200006,14.626114361000077],[104.65022701400005,14.628955102000077],[104.62602691000006,14.558423273000074],[104.65024063000004,14.552527399000041],[104.71286682700008,14.576118897000072],[104.71168419000008,14.596925246000069],[104.65986915200006,14.626114361000077]]]},"properties":{"Shape_Leng":0.27645208039,"Shape_Area":0.00375287775959,"ADM3_EN":"Mueang","ADM3_TH":"เมือง","ADM3_PCODE":"TH330403","ADM3_REF":"","ADM3ALT1EN":"","ADM3ALT2EN":"","ADM3ALT1TH":"","ADM3ALT2TH":"","ADM2_EN":"Kantharalak","ADM2_TH":"กันทรลักษ์","ADM2_PCODE":"TH3304","ADM1_EN":"Si Sa Ket","ADM1_TH":"ศรีสะเกษ","ADM1_PCODE":"TH33","ADM0_EN":"Thailand","ADM0_TH":"ประเทศไทย","ADM0_PCODE":"TH","date":"2019-02-18T00:00:00.000Z","validOn":"2019-02-21T00:00:00.000Z","validTo":"1899-11-30T00:00:00.000Z"}},{"type":"Feature","geometry":{"type":"Polygon","coordinates":[[[104.09391720800005,15.163167189000035],[104.06813320000003,15.180210174000024],[104.02245137100005,15.171723112000052],[103.98333287900005,15.162250615000062],[103.99957753500007,15.137293796000051],[104.05175455100004,15.131823348000069],[104.09391720800005,15.163167189000035]]]},"properties":{"Shape_Leng":0.28043379163,"Shape_Area":0.00332464550883,"ADM3_EN":"Mueang Chan","ADM3_TH":"เมืองจันทร์","ADM3_PCODE":"TH331801","ADM3_REF":"","ADM3ALT1EN":"","ADM3ALT2EN":"","ADM3ALT1TH":"","ADM3ALT2TH":"","ADM2_EN":"Mueang Chan","ADM2_TH":"เมืองจันทร์","ADM2_PCODE":"TH3318","ADM1_EN":"Si Sa Ket","ADM1_TH":"ศรีสะเกษ","ADM1_PCODE":"TH33","ADM0_EN":"Thailand","ADM0_TH":"ประเทศไทย","ADM0_PCODE":"TH","date":"2019-02-18T00:00:00.000Z","validOn":"2019-02-21T00:00:00.000Z","validTo":"1899-11-30T00:00:00.000Z"}},{"type":"Feature","geometry":{"type":"Polygon","coordinates":[[[104.25913762300007,15.371844013000043],[104.23286340900006,15.403150238000023],[104.18700926600008,15.349964458000045],[104.17223826500003,15.318227451000041],[104.19043670100007,15.304123633000074],[104.21984085800005,15.324488958000074],[104.25913762300007,15.371844013000043]]]},"properties":{"Shape_Leng":0.276839694495,"Shape_Area":0.00397058033469,"ADM3_EN":"Mueang Khaen","ADM3_TH":"เมืองแคน","ADM3_PCODE":"TH330902","ADM3_REF":"","ADM3ALT1EN":"","ADM3ALT2EN":"","ADM3ALT1TH":"","ADM3ALT2TH":"","ADM2_EN":"Rasi Salai","ADM2_TH":"ราษีไศล","ADM2_PCODE":"TH3309","ADM1_EN":"Si Sa Ket","ADM1_TH":"ศรีสะเกษ","ADM1_PCODE":"TH33","ADM0_EN":"Thailand","ADM0_TH":"ประเทศไทย","ADM0_PCODE":"TH","date":"2019-02-18T00:00:00.000Z","validOn":"2019-02-21T00:00:00.000Z","validTo":"1899-11-30T00:00:00.000Z"}},{"type":"Feature","geometry":{"type":"Polygon","coordinates":[[[104.16680178400009,15.379684902000065],[104.15222717000006,15.382992397000066],[104.13206522900003,15.342693976000078],[104.14002785300005,15.324687852000068],[104.17223826500003,15.318227451000041],[104.18700926600008,15.349964458000045],[104.16680178400009,15.379684902000065]]]},"properties":{"Shape_Leng":0.218657238164,"Shape_Area":0.00195034614763,"ADM3_EN":"Mueang Khong","ADM3_TH":"เมืองคง","ADM3_PCODE":"TH330901","ADM3_REF":"","ADM3ALT1EN":"","ADM3ALT2EN":"","ADM3ALT1TH":"","ADM3ALT2TH":"","ADM2_EN":"Rasi Salai","ADM2_TH":"ราษีไศล","ADM2_PCODE":"TH3309","ADM1_EN":"Si Sa Ket","ADM1_TH":"ศรีสะเกษ","ADM1_PCODE":"TH33","ADM0_EN":"Thailand","ADM0_TH":"ประเทศไทย","ADM0_PCODE":"TH","date":"2019-02-18T00:00:00.000Z","validOn":"2019-02-21T00:00:00.000Z","validTo":"1899-11-30T00:00:00.000Z"}},{"type":"Feature","geometry":{"type":"Polygon","coordinates":[[[104.09474168500009,15.047230773000024],[104.08329338900006,15.071118639000076],[104.01882284300007,15.04197369600007],[103.99808625900005,15.007179294000025],[104.05572449200008,15.00023374400007],[104.08760737600005,14.992470018000063],[104.08854785700004,14.995277758000043],[104.09474168500009,15.047230773000024]]]},"properties":{"Shape_Leng":0.350989291242,"Shape_Area":0.00392678788291,"ADM3_EN":"Mueang Luang","ADM3_TH":"เมืองหลวง","ADM3_PCODE":"TH331202","ADM3_REF":"","ADM3ALT1EN":"","ADM3ALT2EN":"","ADM3ALT1TH":"","ADM3ALT2TH":"","ADM2_EN":"Huai Thap Than","ADM2_TH":"ห้วยทับทัน","ADM2_PCODE":"TH3312","ADM1_EN":"Si Sa Ket","ADM1_TH":"ศรีสะเกษ","ADM1_PCODE":"TH33","ADM0_EN":"Thailand","ADM0_TH":"ประเทศไทย","ADM0_PCODE":"TH","date":"2019-02-18T00:00:00.000Z","validOn":"2019-02-21T00:00:00.000Z","validTo":"1899-11-30T00:00:00.000Z"}},{"type":"Feature","geometry":{"type":"Polygon","coordinates":[[[104.57709135100004,15.245562006000057],[104.57608636300006,15.256015105000074],[104.52326882400007,15.252660624000043],[104.51019948200008,15.166719061000038],[104.52600752900008,15.156014381000034],[104.55637536900008,15.141531790000045],[104.57709135100004,15.245562006000057]]]},"properties":{"Shape_Leng":0.362168634089,"Shape_Area":0.0047625625181,"ADM3_EN":"Mueang Noi","ADM3_TH":"เมืองน้อย","ADM3_PCODE":"TH330309","ADM3_REF":"","ADM3ALT1EN":"","ADM3ALT2EN":"","ADM3ALT1TH":"","ADM3ALT2TH":"","ADM2_EN":"Kanthararom","ADM2_TH":"กันทรารมย์","ADM2_PCODE":"TH3303","ADM1_EN":"Si Sa Ket","ADM1_TH":"ศรีสะเกษ","ADM1_PCODE":"TH33","ADM0_EN":"Thailand","ADM0_TH":"ประเทศไทย","ADM0_PCODE":"TH","date":"2019-02-18T00:00:00.000Z","validOn":"2019-02-21T00:00:00.000Z","validTo":"1899-11-30T00:00:00.000Z"}},{"type":"Feature","geometry":{"type":"Polygon","coordinates":[[[104.34149203800007,15.114652765000073],[104.31786340800005,15.12097581100005],[104.31861984200003,15.118018757000073],[104.31856748600006,15.116946724000059],[104.34149203800007,15.114652765000073]]]},"properties":{"Shape_Leng":0.0641278979849,"Shape_Area":0.000125196284101,"ADM3_EN":"Mueang Nuea","ADM3_TH":"เมืองเหนือ","ADM3_PCODE":"TH330101","ADM3_REF":"","ADM3ALT1EN":"","ADM3ALT2EN":"","ADM3ALT1TH":"","ADM3ALT2TH":"","ADM2_EN":"Mueang Si Sa Ket","ADM2_TH":"เมืองศรีสะเกษ","ADM2_PCODE":"TH3301","ADM1_EN":"Si Sa Ket","ADM1_TH":"ศรีสะเกษ","ADM1_PCODE":"TH33","ADM0_EN":"Thailand","ADM0_TH":"ประเทศไทย","ADM0_PCODE":"TH","date":"2019-02-18T00:00:00.000Z","validOn":"2019-02-21T00:00:00.000Z","validTo":"1899-11-30T00:00:00.000Z"}},{"type":"Feature","geometry":{"type":"Polygon","coordinates":[[[104.34149203800007,15.114652765000073],[104.31856748600006,15.116946724000059],[104.31814663200004,15.114666401000022],[104.33282124900006,15.10009079200006],[104.34149203800007,15.114652765000073]]]},"properties":{"Shape_Leng":0.0721425245448,"Shape_Area":0.00017589229577,"ADM3_EN":"Mueang Tai","ADM3_TH":"เมืองใต้","ADM3_PCODE":"TH330102","ADM3_REF":"","ADM3ALT1EN":"","ADM3ALT2EN":"","ADM3ALT1TH":"","ADM3ALT2TH":"","ADM2_EN":"Mueang Si Sa Ket","ADM2_TH":"เมืองศรีสะเกษ","ADM2_PCODE":"TH3301","ADM1_EN":"Si Sa Ket","ADM1_TH":"ศรีสะเกษ","ADM1_PCODE":"TH33","ADM0_EN":"Thailand","ADM0_TH":"ประเทศไทย","ADM0_PCODE":"TH","date":"2019-02-18T00:00:00.000Z","validOn":"2019-02-21T00:00:00.000Z","validTo":"1899-11-30T00:00:00.000Z"}},{"type":"Feature","geometry":{"type":"Polygon","coordinates":[[[104.33599001900006,15.20546207600006],[104.31469965900004,15.216261727000074],[104.28519661900003,15.182991787000049],[104.31688552100007,15.133899946000042],[104.36902191800004,15.118043801000056],[104.38518236800007,15.157917651000048],[104.38568568000005,15.193341903000032],[104.33599001900006,15.20546207600006]]]},"properties":{"Shape_Leng":0.374280761439,"Shape_Area":0.00559069699778,"ADM3_EN":"Nam Kham","ADM3_TH":"น้ำคำ","ADM3_PCODE":"TH330122","ADM3_REF":"","ADM3ALT1EN":"","ADM3ALT2EN":"","ADM3ALT1TH":"","ADM3ALT2TH":"","ADM2_EN":"Mueang Si Sa Ket","ADM2_TH":"เมืองศรีสะเกษ","ADM2_PCODE":"TH3301","ADM1_EN":"Si Sa Ket","ADM1_TH":"ศรีสะเกษ","ADM1_PCODE":"TH33","ADM0_EN":"Thailand","ADM0_TH":"ประเทศไทย","ADM0_PCODE":"TH","date":"2019-02-18T00:00:00.000Z","validOn":"2019-02-21T00:00:00.000Z","validTo":"1899-11-30T00:00:00.000Z"}},{"type":"Feature","geometry":{"type":"Polygon","coordinates":[[[104.60050595500007,14.94084672100007],[104.49301627800008,14.944450498000037],[104.50889219200008,14.916265210000063],[104.55092455300007,14.882399087000067],[104.60095200300009,14.887651936000054],[104.60136704200005,14.901133901000037],[104.60050595500007,14.94084672100007]]]},"properties":{"Shape_Leng":0.411790414679,"Shape_Area":0.0045657926835,"ADM3_EN":"Nam Kliang","ADM3_TH":"น้ำเกลี้ยง","ADM3_PCODE":"TH331501","ADM3_REF":"","ADM3ALT1EN":"","ADM3ALT2EN":"","ADM3ALT1TH":"","ADM3ALT2TH":"","ADM2_EN":"Nam Kliang","ADM2_TH":"น้ำเกลี้ยง","ADM2_PCODE":"TH3315","ADM1_EN":"Si Sa Ket","ADM1_TH":"ศรีสะเกษ","ADM1_PCODE":"TH33","ADM0_EN":"Thailand","ADM0_TH":"ประเทศไทย","ADM0_PCODE":"TH","date":"2019-02-18T00:00:00.000Z","validOn":"2019-02-21T00:00:00.000Z","validTo":"1899-11-30T00:00:00.000Z"}},{"type":"Feature","geometry":{"type":"Polygon","coordinates":[[[104.69956999900006,14.689483703000064],[104.62476476200004,14.693785869000067],[104.65022701400005,14.628955102000077],[104.65986915200006,14.626114361000077],[104.69650779500006,14.681548792000058],[104.69956999900006,14.689483703000064]]]},"properties":{"Shape_Leng":0.28976679889,"Shape_Area":0.00242979298493,"ADM3_EN":"Nam Om","ADM3_TH":"น้ำอ้อม","ADM3_PCODE":"TH330406","ADM3_REF":"","ADM3ALT1EN":"","ADM3ALT2EN":"","ADM3ALT1TH":"","ADM3ALT2TH":"","ADM2_EN":"Kantharalak","ADM2_TH":"กันทรลักษ์","ADM2_PCODE":"TH3304","ADM1_EN":"Si Sa Ket","ADM1_TH":"ศรีสะเกษ","ADM1_PCODE":"TH33","ADM0_EN":"Thailand","ADM0_TH":"ประเทศไทย","ADM0_PCODE":"TH","date":"2019-02-18T00:00:00.000Z","validOn":"2019-02-21T00:00:00.000Z","validTo":"1899-11-30T00:00:00.000Z"}},{"type":"Feature","geometry":{"type":"Polygon","coordinates":[[[104.25959614600004,14.66284028800004],[104.20474768600008,14.657460245000038],[104.20804075800004,14.637702581000042],[104.25007597700005,14.625017607000075],[104.25212891200005,14.644970779000062],[104.25959614600004,14.66284028800004]]]},"properties":{"Shape_Leng":0.213905258887,"Shape_Area":0.00153519784347,"ADM3_EN":"Nikhom Phatthana","ADM3_TH":"นิคมพัฒนา","ADM3_PCODE":"TH330515","ADM3_REF":"","ADM3ALT1EN":"","ADM3ALT2EN":"","ADM3ALT1TH":"","ADM3ALT2TH":"","ADM2_EN":"Khukhan","ADM2_TH":"ขุขันธ์","ADM2_PCODE":"TH3305","ADM1_EN":"Si Sa Ket","ADM1_TH":"ศรีสะเกษ","ADM1_PCODE":"TH33","ADM0_EN":"Thailand","ADM0_TH":"ประเทศไทย","ADM0_PCODE":"TH","date":"2019-02-18T00:00:00.000Z","validOn":"2019-02-21T00:00:00.000Z","validTo":"1899-11-30T00:00:00.000Z"}},{"type":"Feature","geometry":{"type":"Polygon","coordinates":[[[104.68478665200007,14.95892991900007],[104.67671984500004,14.928621957000075],[104.67889361700009,14.902239383000051],[104.67468278400008,14.857229550000056],[104.71877088900004,14.858255009000061],[104.75440686800005,14.920309183000029],[104.73486847000004,14.938227278000056],[104.68478665200007,14.95892991900007]]]},"properties":{"Shape_Leng":0.370861803554,"Shape_Area":0.00528964617506,"ADM3_EN":"Non Kho","ADM3_TH":"โนนค้อ","ADM3_PCODE":"TH331301","ADM3_REF":"","ADM3ALT1EN":"","ADM3ALT2EN":"","ADM3ALT1TH":"","ADM3ALT2TH":"","ADM2_EN":"Non Khun","ADM2_TH":"โนนคูณ","ADM2_PCODE":"TH3313","ADM1_EN":"Si Sa Ket","ADM1_TH":"ศรีสะเกษ","ADM1_PCODE":"TH33","ADM0_EN":"Thailand","ADM0_TH":"ประเทศไทย","ADM0_PCODE":"TH","date":"2019-02-18T00:00:00.000Z","validOn":"2019-02-21T00:00:00.000Z","validTo":"1899-11-30T00:00:00.000Z"}},{"type":"Feature","geometry":{"type":"Polygon","coordinates":[[[104.36687053500003,15.32606428300005],[104.34548914200008,15.34188105100003],[104.32451996500004,15.284078202000046],[104.33105245200005,15.264049907000071],[104.37571576900007,15.259223599000052],[104.38222246900006,15.29466039700003],[104.36687053500003,15.32606428300005]]]},"properties":{"Shape_Leng":0.298638191991,"Shape_Area":0.00333205311344,"ADM3_EN":"Non Khun","ADM3_TH":"โนนคูณ","ADM3_PCODE":"TH330204","ADM3_REF":"","ADM3ALT1EN":"","ADM3ALT2EN":"","ADM3ALT1TH":"","ADM3ALT2TH":"","ADM2_EN":"Yang Chum Noi","ADM2_TH":"ยางชุมน้อย","ADM2_PCODE":"TH3302","ADM1_EN":"Si Sa Ket","ADM1_TH":"ศรีสะเกษ","ADM1_PCODE":"TH33","ADM0_EN":"Thailand","ADM0_TH":"ประเทศไทย","ADM0_PCODE":"TH","date":"2019-02-18T00:00:00.000Z","validOn":"2019-02-21T00:00:00.000Z","validTo":"1899-11-30T00:00:00.000Z"}},{"type":"Feature","geometry":{"type":"Polygon","coordinates":[[[104.35523368500009,14.948198985000033],[104.30074577700009,14.962955613000076],[104.29956485700006,14.940110065000056],[104.29935382900004,14.917167900000038],[104.36572497300006,14.90596763700006],[104.36971950300006,14.91347490100003],[104.35523368500009,14.948198985000033]]]},"properties":{"Shape_Leng":0.235538321081,"Shape_Area":0.00281015160105,"ADM3_EN":"Non Phek","ADM3_TH":"โนนเพ็ก","ADM3_PCODE":"TH332004","ADM3_REF":"","ADM3ALT1EN":"","ADM3ALT2EN":"","ADM3ALT1TH":"","ADM3ALT2TH":"","ADM2_EN":"Phayu","ADM2_TH":"พยุห์","ADM2_PCODE":"TH3320","ADM1_EN":"Si Sa Ket","ADM1_TH":"ศรีสะเกษ","ADM1_PCODE":"TH33","ADM0_EN":"Thailand","ADM0_TH":"ประเทศไทย","ADM0_PCODE":"TH","date":"2019-02-18T00:00:00.000Z","validOn":"2019-02-21T00:00:00.000Z","validTo":"1899-11-30T00:00:00.000Z"}},{"type":"Feature","geometry":{"type":"Polygon","coordinates":[[[104.30057914800005,14.887146132000055],[104.29340360800006,14.887320812000041],[104.28346303000006,14.855886811000062],[104.31257903200009,14.832321482000054],[104.32003828400008,14.882690788000048],[104.30057914800005,14.887146132000055]]]},"properties":{"Shape_Leng":0.173432268462,"Shape_Area":0.00173361680592,"ADM3_EN":"Non Pun","ADM3_TH":"โนนปูน","ADM3_PCODE":"TH330606","ADM3_REF":"","ADM3ALT1EN":"","ADM3ALT2EN":"","ADM3ALT1TH":"","ADM3ALT2TH":"","ADM2_EN":"Phrai Bueng","ADM2_TH":"ไพรบึง","ADM2_PCODE":"TH3306","ADM1_EN":"Si Sa Ket","ADM1_TH":"ศรีสะเกษ","ADM1_PCODE":"TH33","ADM0_EN":"Thailand","ADM0_TH":"ประเทศไทย","ADM0_PCODE":"TH","date":"2019-02-18T00:00:00.000Z","validOn":"2019-02-21T00:00:00.000Z","validTo":"1899-11-30T00:00:00.000Z"}},{"type":"Feature","geometry":{"type":"Polygon","coordinates":[[[104.81896111700007,14.559403900000063],[104.76213217200007,14.564323213000023],[104.77175468400009,14.503884406000054],[104.77938887400006,14.495702546000075],[104.81765582500009,14.477787699000032],[104.84895364700009,14.509246314000052],[104.82721164600008,14.534739064000064],[104.81896111700007,14.559403900000063]]]},"properties":{"Shape_Leng":0.347116937899,"Shape_Area":0.00497087677212,"ADM3_EN":"Non Samran","ADM3_TH":"โนนสำราญ","ADM3_PCODE":"TH330415","ADM3_REF":"","ADM3ALT1EN":"","ADM3ALT2EN":"","ADM3ALT1TH":"","ADM3ALT2TH":"","ADM2_EN":"Kantharalak","ADM2_TH":"กันทรลักษ์","ADM2_PCODE":"TH3304","ADM1_EN":"Si Sa Ket","ADM1_TH":"ศรีสะเกษ","ADM1_PCODE":"TH33","ADM0_EN":"Thailand","ADM0_TH":"ประเทศไทย","ADM0_PCODE":"TH","date":"2019-02-18T00:00:00.000Z","validOn":"2019-02-21T00:00:00.000Z","validTo":"1899-11-30T00:00:00.000Z"}},{"type":"Feature","geometry":{"type":"Polygon","coordinates":[[[104.68942836500008,15.128171386000076],[104.60195899400009,15.153811611000037],[104.60102900800007,15.145734780000055],[104.58899438700007,15.086293338000075],[104.68636278400004,15.073976034000054],[104.68942836500008,15.128171386000076]]]},"properties":{"Shape_Leng":0.454484699227,"Shape_Area":0.00504377168991,"ADM3_EN":"Non Sang","ADM3_TH":"โนนสัง","ADM3_PCODE":"TH330302","ADM3_REF":"","ADM3ALT1EN":"","ADM3ALT2EN":"","ADM3ALT1TH":"","ADM3ALT2TH":"","ADM2_EN":"Kanthararom","ADM2_TH":"กันทรารมย์","ADM2_PCODE":"TH3303","ADM1_EN":"Si Sa Ket","ADM1_TH":"ศรีสะเกษ","ADM1_PCODE":"TH33","ADM0_EN":"Thailand","ADM0_TH":"ประเทศไทย","ADM0_PCODE":"TH","date":"2019-02-18T00:00:00.000Z","validOn":"2019-02-21T00:00:00.000Z","validTo":"1899-11-30T00:00:00.000Z"}},{"type":"Feature","geometry":{"type":"Polygon","coordinates":[[[104.41366953800008,14.64140726100004],[104.39267865900007,14.62793007700003],[104.37685229200008,14.610517507000054],[104.37783297700008,14.592665709000073],[104.39354913400007,14.587801179000053],[104.40034986000006,14.529331282000044],[104.42639192400009,14.587616869000044],[104.41366953800008,14.64140726100004]]]},"properties":{"Shape_Leng":0.298085998209,"Shape_Area":0.00308622551374,"ADM3_EN":"Non Sung","ADM3_TH":"โนนสูง","ADM3_PCODE":"TH330808","ADM3_REF":"","ADM3ALT1EN":"","ADM3ALT2EN":"","ADM3ALT1TH":"","ADM3ALT2TH":"","ADM2_EN":"Khun Han","ADM2_TH":"ขุนหาญ","ADM2_PCODE":"TH3308","ADM1_EN":"Si Sa Ket","ADM1_TH":"ศรีสะเกษ","ADM1_PCODE":"TH33","ADM0_EN":"Thailand","ADM0_TH":"ประเทศไทย","ADM0_PCODE":"TH","date":"2019-02-18T00:00:00.000Z","validOn":"2019-02-21T00:00:00.000Z","validTo":"1899-11-30T00:00:00.000Z"}},{"type":"Feature","geometry":{"type":"Polygon","coordinates":[[[104.55637536900008,15.141531790000045],[104.52600752900008,15.156014381000034],[104.47485281600007,15.13328337300004],[104.47736939600009,15.125209384000073],[104.51800786700005,15.090764227000022],[104.54088911100007,15.079979223000066],[104.55016861900003,15.100359954000055],[104.55637536900008,15.141531790000045]]]},"properties":{"Shape_Leng":0.274167102863,"Shape_Area":0.00309579673217,"ADM3_EN":"Nong Bua","ADM3_TH":"หนองบัว","ADM3_PCODE":"TH330312","ADM3_REF":"","ADM3ALT1EN":"","ADM3ALT2EN":"","ADM3ALT1TH":"","ADM3ALT2TH":"","ADM2_EN":"Kanthararom","ADM2_TH":"กันทรารมย์","ADM2_PCODE":"TH3303","ADM1_EN":"Si Sa Ket","ADM1_TH":"ศรีสะเกษ","ADM1_PCODE":"TH33","ADM0_EN":"Thailand","ADM0_TH":"ประเทศไทย","ADM0_PCODE":"TH","date":"2019-02-18T00:00:00.000Z","validOn":"2019-02-21T00:00:00.000Z","validTo":"1899-11-30T00:00:00.000Z"}},{"type":"Feature","geometry":{"type":"Polygon","coordinates":[[[104.06642561600006,15.416917460000036],[104.05997604300006,15.502419313000075],[104.02037911900004,15.470515704000036],[104.06291690300009,15.411848165000038],[104.06642561600006,15.416917460000036]]]},"properties":{"Shape_Leng":0.28713675542,"Shape_Area":0.00250456099181,"ADM3_EN":"Nong Bua Dong","ADM3_TH":"หนองบัวดง","ADM3_PCODE":"TH332203","ADM3_REF":"","ADM3ALT1EN":"","ADM3ALT2EN":"","ADM3ALT1TH":"","ADM3ALT2TH":"","ADM2_EN":"Sila Lat","ADM2_TH":"ศิลาลาด","ADM2_PCODE":"TH3322","ADM1_EN":"Si Sa Ket","ADM1_TH":"ศรีสะเกษ","ADM1_PCODE":"TH33","ADM0_EN":"Thailand","ADM0_TH":"ประเทศไทย","ADM0_PCODE":"TH","date":"2019-02-18T00:00:00.000Z","validOn":"2019-02-21T00:00:00.000Z","validTo":"1899-11-30T00:00:00.000Z"}},{"type":"Feature","geometry":{"type":"Polygon","coordinates":[[[104.25149719900008,14.682773851000036],[104.22386250500006,14.712623502000042],[104.19598700000006,14.698092332000044],[104.20474768600008,14.657460245000038],[104.25959614600004,14.66284028800004],[104.25149719900008,14.682773851000036]]]},"properties":{"Shape_Leng":0.209682852213,"Shape_Area":0.00203215268873,"ADM3_EN":"Nong Chalong","ADM3_TH":"หนองฉลอง","ADM3_PCODE":"TH330526","ADM3_REF":"","ADM3ALT1EN":"","ADM3ALT2EN":"","ADM3ALT1TH":"","ADM3ALT2TH":"","ADM2_EN":"Khukhan","ADM2_TH":"ขุขันธ์","ADM2_PCODE":"TH3305","ADM1_EN":"Si Sa Ket","ADM1_TH":"ศรีสะเกษ","ADM1_PCODE":"TH33","ADM0_EN":"Thailand","ADM0_TH":"ประเทศไทย","ADM0_PCODE":"TH","date":"2019-02-18T00:00:00.000Z","validOn":"2019-02-21T00:00:00.000Z","validTo":"1899-11-30T00:00:00.000Z"}},{"type":"Feature","geometry":{"type":"Polygon","coordinates":[[[104.13940773100006,14.911875113000065],[104.06670868200007,14.897028228000067],[104.06329224300003,14.835151240000073],[104.12740294700006,14.848731482000062],[104.13537605300007,14.85422679900006],[104.13756972200008,14.899961311000027],[104.13940773100006,14.911875113000065]]]},"properties":{"Shape_Leng":0.362780495969,"Shape_Area":0.0040010828669,"ADM3_EN":"Nong Chiang Thun","ADM3_TH":"หนองเชียงทูน","ADM3_PCODE":"TH330703","ADM3_REF":"","ADM3ALT1EN":"","ADM3ALT2EN":"","ADM3ALT1TH":"","ADM3ALT2TH":"","ADM2_EN":"Prang Ku","ADM2_TH":"ปรางค์กู่","ADM2_PCODE":"TH3307","ADM1_EN":"Si Sa Ket","ADM1_TH":"ศรีสะเกษ","ADM1_PCODE":"TH33","ADM0_EN":"Thailand","ADM0_TH":"ประเทศไทย","ADM0_PCODE":"TH","date":"2019-02-18T00:00:00.000Z","validOn":"2019-02-21T00:00:00.000Z","validTo":"1899-11-30T00:00:00.000Z"}},{"type":"Feature","geometry":{"type":"Polygon","coordinates":[[[104.45687476400008,15.017503985000076],[104.40891864900004,15.026419704000034],[104.42308662700003,14.977565273000039],[104.42456704300008,14.97748795800004],[104.45616226200008,15.008703880000041],[104.45687476400008,15.017503985000076]]]},"properties":{"Shape_Leng":0.175763026808,"Shape_Area":0.00172769799508,"ADM3_EN":"Nong Hai","ADM3_TH":"หนองไฮ","ADM3_PCODE":"TH330119","ADM3_REF":"","ADM3ALT1EN":"","ADM3ALT2EN":"","ADM3ALT1TH":"","ADM3ALT2TH":"","ADM2_EN":"Mueang Si Sa Ket","ADM2_TH":"เมืองศรีสะเกษ","ADM2_PCODE":"TH3301","ADM1_EN":"Si Sa Ket","ADM1_TH":"ศรีสะเกษ","ADM1_PCODE":"TH33","ADM0_EN":"Thailand","ADM0_TH":"ประเทศไทย","ADM0_PCODE":"TH","date":"2019-02-18T00:00:00.000Z","validOn":"2019-02-21T00:00:00.000Z","validTo":"1899-11-30T00:00:00.000Z"}},{"type":"Feature","geometry":{"type":"Polygon","coordinates":[[[104.12241352000007,15.166000328000052],[104.11075427400004,15.182574483000053],[104.09391720800005,15.163167189000035],[104.05175455100004,15.131823348000069],[104.05520515300009,15.120804407000037],[104.09413768400009,15.127918880000038],[104.12324362900006,15.121375356000044],[104.12241352000007,15.166000328000052]]]},"properties":{"Shape_Leng":0.272038869568,"Shape_Area":0.00216462979512,"ADM3_EN":"Nong Hai","ADM3_TH":"หนองไฮ","ADM3_PCODE":"TH331007","ADM3_REF":"","ADM3ALT1EN":"","ADM3ALT2EN":"","ADM3ALT1TH":"","ADM3ALT2TH":"","ADM2_EN":"Uthumphon Phisai","ADM2_TH":"อุทุมพรพิสัย","ADM2_PCODE":"TH3310","ADM1_EN":"Si Sa Ket","ADM1_TH":"ศรีสะเกษ","ADM1_PCODE":"TH33","ADM0_EN":"Thailand","ADM0_TH":"ประเทศไทย","ADM0_PCODE":"TH","date":"2019-02-18T00:00:00.000Z","validOn":"2019-02-21T00:00:00.000Z","validTo":"1899-11-30T00:00:00.000Z"}},{"type":"Feature","geometry":{"type":"Polygon","coordinates":[[[104.12033947400005,15.071775273000071],[104.09413768400009,15.127918880000038],[104.05520515300009,15.120804407000037],[104.06122738200008,15.088041622000048],[104.08329338900006,15.071118639000076],[104.09474168500009,15.047230773000024],[104.11825416100004,15.046580593000044],[104.12033947400005,15.071775273000071]]]},"properties":{"Shape_Leng":0.297930086705,"Shape_Area":0.00263017034923,"ADM3_EN":"Nong Hang","ADM3_TH":"หนองห้าง","ADM3_PCODE":"TH331018","ADM3_REF":"","ADM3ALT1EN":"","ADM3ALT2EN":"","ADM3ALT1TH":"","ADM3ALT2TH":"","ADM2_EN":"Uthumphon Phisai","ADM2_TH":"อุทุมพรพิสัย","ADM2_PCODE":"TH3310","ADM1_EN":"Si Sa Ket","ADM1_TH":"ศรีสะเกษ","ADM1_PCODE":"TH33","ADM0_EN":"Thailand","ADM0_TH":"ประเทศไทย","ADM0_PCODE":"TH","date":"2019-02-18T00:00:00.000Z","validOn":"2019-02-21T00:00:00.000Z","validTo":"1899-11-30T00:00:00.000Z"}},{"type":"Feature","geometry":{"type":"Polygon","coordinates":[[[104.61749608500008,14.864624703000061],[104.61286029500008,14.86787825700003],[104.60569155800005,14.816978324000047],[104.58489280400005,14.787850941000045],[104.58916111000008,14.771647211000072],[104.63799732700005,14.785351524000077],[104.64252130900007,14.788606392000077],[104.64231390900005,14.811350090000076],[104.61749608500008,14.864624703000061]]]},"properties":{"Shape_Leng":0.438265353087,"Shape_Area":0.00268943551048,"ADM3_EN":"Nong Hang","ADM3_TH":"หนองฮาง","ADM3_PCODE":"TH331904","ADM3_REF":"","ADM3ALT1EN":"","ADM3ALT2EN":"","ADM3ALT1TH":"","ADM3ALT2TH":"","ADM2_EN":"Benchalak","ADM2_TH":"เบญจลักษ์","ADM2_PCODE":"TH3319","ADM1_EN":"Si Sa Ket","ADM1_TH":"ศรีสะเกษ","ADM1_PCODE":"TH33","ADM0_EN":"Thailand","ADM0_TH":"ประเทศไทย","ADM0_PCODE":"TH","date":"2019-02-18T00:00:00.000Z","validOn":"2019-02-21T00:00:00.000Z","validTo":"1899-11-30T00:00:00.000Z"}},{"type":"Feature","geometry":{"type":"Polygon","coordinates":[[[104.68636278400004,15.073976034000054],[104.58899438700007,15.086293338000075],[104.58661425800005,15.079779389000066],[104.62574168200007,15.039455633000046],[104.63346404800006,15.006402549000029],[104.67199106500004,15.021854965000045],[104.68617225300005,15.07066756000006],[104.68636278400004,15.073976034000054]]]},"properties":{"Shape_Leng":0.39949662869,"Shape_Area":0.00459386313521,"ADM3_EN":"Nong Hua Chang","ADM3_TH":"หนองหัวช้าง","ADM3_PCODE":"TH330303","ADM3_REF":"","ADM3ALT1EN":"","ADM3ALT2EN":"","ADM3ALT1TH":"","ADM3ALT2TH":"","ADM2_EN":"Kanthararom","ADM2_TH":"กันทรารมย์","ADM2_PCODE":"TH3303","ADM1_EN":"Si Sa Ket","ADM1_TH":"ศรีสะเกษ","ADM1_PCODE":"TH33","ADM0_EN":"Thailand","ADM0_TH":"ประเทศไทย","ADM0_PCODE":"TH","date":"2019-02-18T00:00:00.000Z","validOn":"2019-02-21T00:00:00.000Z","validTo":"1899-11-30T00:00:00.000Z"}},{"type":"Feature","geometry":{"type":"Polygon","coordinates":[[[104.47948666300005,15.100511391000055],[104.41111192900007,15.103494971000032],[104.37415662700005,15.091789378000044],[104.40057268900006,15.065080612000031],[104.46744539800005,15.065105668000058],[104.46753203600008,15.067004324000038],[104.47948666300005,15.100511391000055]]]},"properties":{"Shape_Leng":0.310748529803,"Shape_Area":0.0034320757101,"ADM3_EN":"Nong Kaeo","ADM3_TH":"หนองแก้ว","ADM3_PCODE":"TH330121","ADM3_REF":"","ADM3ALT1EN":"","ADM3ALT2EN":"","ADM3ALT1TH":"","ADM3ALT2TH":"","ADM2_EN":"Mueang Si Sa Ket","ADM2_TH":"เมืองศรีสะเกษ","ADM2_PCODE":"TH3301","ADM1_EN":"Si Sa Ket","ADM1_TH":"ศรีสะเกษ","ADM1_PCODE":"TH33","ADM0_EN":"Thailand","ADM0_TH":"ประเทศไทย","ADM0_PCODE":"TH","date":"2019-02-18T00:00:00.000Z","validOn":"2019-02-21T00:00:00.000Z","validTo":"1899-11-30T00:00:00.000Z"}},{"type":"Feature","geometry":{"type":"Polygon","coordinates":[[[104.69915590600004,15.172486649000064],[104.59989679100005,15.184943825000062],[104.60195899400009,15.153811611000037],[104.68942836500008,15.128171386000076],[104.70516280400005,15.131579351000028],[104.72877816400006,15.154344399000024],[104.69915590600004,15.172486649000064]]]},"properties":{"Shape_Leng":0.401161840129,"Shape_Area":0.00406746728365,"ADM3_EN":"Nong Kaeo","ADM3_TH":"หนองแก้ว","ADM3_PCODE":"TH330306","ADM3_REF":"","ADM3ALT1EN":"","ADM3ALT2EN":"","ADM3ALT1TH":"","ADM3ALT2TH":"","ADM2_EN":"Kanthararom","ADM2_TH":"กันทรารมย์","ADM2_PCODE":"TH3303","ADM1_EN":"Si Sa Ket","ADM1_TH":"ศรีสะเกษ","ADM1_PCODE":"TH33","ADM0_EN":"Thailand","ADM0_TH":"ประเทศไทย","ADM0_PCODE":"TH","date":"2019-02-18T00:00:00.000Z","validOn":"2019-02-21T00:00:00.000Z","validTo":"1899-11-30T00:00:00.000Z"}},{"type":"Feature","geometry":{"type":"Polygon","coordinates":[[[104.36572497300006,14.90596763700006],[104.29935382900004,14.917167900000038],[104.30057914800005,14.887146132000055],[104.32003828400008,14.882690788000048],[104.35388671600003,14.876269026000045],[104.36572497300006,14.90596763700006]]]},"properties":{"Shape_Leng":0.206433193744,"Shape_Area":0.00188681497982,"ADM3_EN":"Nong Kha","ADM3_TH":"หนองค้า","ADM3_PCODE":"TH332005","ADM3_REF":"","ADM3ALT1EN":"","ADM3ALT2EN":"","ADM3ALT1TH":"","ADM3ALT2TH":"","ADM2_EN":"Phayu","ADM2_TH":"พยุห์","ADM2_PCODE":"TH3320","ADM1_EN":"Si Sa Ket","ADM1_TH":"ศรีสะเกษ","ADM1_PCODE":"TH33","ADM0_EN":"Thailand","ADM0_TH":"ประเทศไทย","ADM0_PCODE":"TH","date":"2019-02-18T00:00:00.000Z","validOn":"2019-02-21T00:00:00.000Z","validTo":"1899-11-30T00:00:00.000Z"}},{"type":"Feature","geometry":{"type":"Polygon","coordinates":[[[104.09497141400004,15.429675090000046],[104.06642561600006,15.416917460000036],[104.06291690300009,15.411848165000038],[104.06002586800008,15.405215180000027],[104.09079641100004,15.34843677200007],[104.13206522900003,15.342693976000078],[104.15222717000006,15.382992397000066],[104.12650085300004,15.412265575000049],[104.09497141400004,15.429675090000046]]]},"properties":{"Shape_Leng":0.362789025363,"Shape_Area":0.00494437513013,"ADM3_EN":"Nong Khae","ADM3_TH":"หนองแค","ADM3_PCODE":"TH330903","ADM3_REF":"","ADM3ALT1EN":"","ADM3ALT2EN":"","ADM3ALT1TH":"","ADM3ALT2TH":"","ADM2_EN":"Rasi Salai","ADM2_TH":"ราษีไศล","ADM2_PCODE":"TH3309","ADM1_EN":"Si Sa Ket","ADM1_TH":"ศรีสะเกษ","ADM1_PCODE":"TH33","ADM0_EN":"Thailand","ADM0_TH":"ประเทศไทย","ADM0_PCODE":"TH","date":"2019-02-18T00:00:00.000Z","validOn":"2019-02-21T00:00:00.000Z","validTo":"1899-11-30T00:00:00.000Z"}},{"type":"Feature","geometry":{"type":"Polygon","coordinates":[[[104.31814663200004,15.114666401000022],[104.26842937700007,15.107158192000043],[104.25928127000009,15.09414802200007],[104.25908055600007,15.090428497000062],[104.29644719900006,15.04498436700004],[104.33042694900007,15.071831515000042],[104.34235333200007,15.087544843000046],[104.33282124900006,15.10009079200006],[104.31814663200004,15.114666401000022]]]},"properties":{"Shape_Leng":0.314283196234,"Shape_Area":0.00371566480155,"ADM3_EN":"Nong Khrok","ADM3_TH":"หนองครก","ADM3_PCODE":"TH330107","ADM3_REF":"","ADM3ALT1EN":"","ADM3ALT2EN":"","ADM3ALT1TH":"","ADM3ALT2TH":"","ADM2_EN":"Mueang Si Sa Ket","ADM2_TH":"เมืองศรีสะเกษ","ADM2_PCODE":"TH3301","ADM1_EN":"Si Sa Ket","ADM1_TH":"ศรีสะเกษ","ADM1_PCODE":"TH33","ADM0_EN":"Thailand","ADM0_TH":"ประเทศไทย","ADM0_PCODE":"TH","date":"2019-02-18T00:00:00.000Z","validOn":"2019-02-21T00:00:00.000Z","validTo":"1899-11-30T00:00:00.000Z"}},{"type":"Feature","geometry":{"type":"Polygon","coordinates":[[[104.78348945500005,14.897311964000039],[104.75440686800005,14.920309183000029],[104.71877088900004,14.858255009000061],[104.76235985600005,14.81591522900004],[104.79760925600004,14.810341085000061],[104.81447908500007,14.834552081000027],[104.81024307000007,14.878739138000071],[104.78348945500005,14.897311964000039]]]},"properties":{"Shape_Leng":0.377214876625,"Shape_Area":0.0061799839736,"ADM3_EN":"Nong Kung","ADM3_TH":"หนองกุง","ADM3_PCODE":"TH331304","ADM3_REF":"","ADM3ALT1EN":"","ADM3ALT2EN":"","ADM3ALT1TH":"","ADM3ALT2TH":"","ADM2_EN":"Non Khun","ADM2_TH":"โนนคูณ","ADM2_PCODE":"TH3313","ADM1_EN":"Si Sa Ket","ADM1_TH":"ศรีสะเกษ","ADM1_PCODE":"TH33","ADM0_EN":"Thailand","ADM0_TH":"ประเทศไทย","ADM0_PCODE":"TH","date":"2019-02-18T00:00:00.000Z","validOn":"2019-02-21T00:00:00.000Z","validTo":"1899-11-30T00:00:00.000Z"}},{"type":"Feature","geometry":{"type":"Polygon","coordinates":[[[104.10121170100007,15.269033238000077],[104.09621298100006,15.276429241000073],[104.05895515700007,15.266523625000048],[104.06313062300006,15.24491917100005],[104.09702217800009,15.217921705000037],[104.10121170100007,15.269033238000077]]]},"properties":{"Shape_Leng":0.177412379286,"Shape_Area":0.00137704933179,"ADM3_EN":"Nong Ma","ADM3_TH":"หนองม้า","ADM3_PCODE":"TH332103","ADM3_REF":"","ADM3ALT1EN":"","ADM3ALT2EN":"","ADM3ALT1TH":"","ADM3ALT2TH":"","ADM2_EN":"Pho Si Suwan","ADM2_TH":"โพธิ์ศรีสุวรรณ","ADM2_PCODE":"TH3321","ADM1_EN":"Si Sa Ket","ADM1_TH":"ศรีสะเกษ","ADM1_PCODE":"TH33","ADM0_EN":"Thailand","ADM0_TH":"ประเทศไทย","ADM0_PCODE":"TH","date":"2019-02-18T00:00:00.000Z","validOn":"2019-02-21T00:00:00.000Z","validTo":"1899-11-30T00:00:00.000Z"}},{"type":"Feature","geometry":{"type":"Polygon","coordinates":[[[104.32451996500004,15.284078202000046],[104.26656918700007,15.304248589000053],[104.27401765300004,15.252022239000041],[104.29021354500009,15.247629577000055],[104.33105245200005,15.264049907000071],[104.32451996500004,15.284078202000046]]]},"properties":{"Shape_Leng":0.217514408219,"Shape_Area":0.00244336420553,"ADM3_EN":"Nong Mi","ADM3_TH":"หนองหมี","ADM3_PCODE":"TH330913","ADM3_REF":"","ADM3ALT1EN":"","ADM3ALT2EN":"","ADM3ALT1TH":"","ADM3ALT2TH":"","ADM2_EN":"Rasi Salai","ADM2_TH":"ราษีไศล","ADM2_PCODE":"TH3309","ADM1_EN":"Si Sa Ket","ADM1_TH":"ศรีสะเกษ","ADM1_PCODE":"TH33","ADM0_EN":"Thailand","ADM0_TH":"ประเทศไทย","ADM0_PCODE":"TH","date":"2019-02-18T00:00:00.000Z","validOn":"2019-02-21T00:00:00.000Z","validTo":"1899-11-30T00:00:00.000Z"}},{"type":"Feature","geometry":{"type":"Polygon","coordinates":[[[104.67468278400008,14.857229550000056],[104.61749608500008,14.864624703000061],[104.64231390900005,14.811350090000076],[104.68889727300007,14.836523210000053],[104.75606207100009,14.816999231000068],[104.76235985600005,14.81591522900004],[104.71877088900004,14.858255009000061],[104.67468278400008,14.857229550000056]]]},"properties":{"Shape_Leng":0.453630781766,"Shape_Area":0.00379390806388,"ADM3_EN":"Nong Ngu Lueam","ADM3_TH":"หนองงูเหลือม","ADM3_PCODE":"TH331903","ADM3_REF":"","ADM3ALT1EN":"","ADM3ALT2EN":"","ADM3ALT1TH":"","ADM3ALT2TH":"","ADM2_EN":"Benchalak","ADM2_TH":"เบญจลักษ์","ADM2_PCODE":"TH3319","ADM1_EN":"Si Sa Ket","ADM1_TH":"ศรีสะเกษ","ADM1_PCODE":"TH33","ADM0_EN":"Thailand","ADM0_TH":"ประเทศไทย","ADM0_PCODE":"TH","date":"2019-02-18T00:00:00.000Z","validOn":"2019-02-21T00:00:00.000Z","validTo":"1899-11-30T00:00:00.000Z"}},{"type":"Feature","geometry":{"type":"Polygon","coordinates":[[[104.31861984200003,15.118018757000073],[104.29097647400005,15.125206326000068],[104.26639158700004,15.182860033000054],[104.24571997400005,15.181352249000042],[104.24637499600004,15.160372967000058],[104.26842937700007,15.107158192000043],[104.31814663200004,15.114666401000022],[104.31856748600006,15.116946724000059],[104.31861984200003,15.118018757000073]]]},"properties":{"Shape_Leng":0.301864733519,"Shape_Area":0.0027988232027,"ADM3_EN":"Nong Phai","ADM3_TH":"หนองไผ่","ADM3_PCODE":"TH330127","ADM3_REF":"","ADM3ALT1EN":"","ADM3ALT2EN":"","ADM3ALT1TH":"","ADM3ALT2TH":"","ADM2_EN":"Mueang Si Sa Ket","ADM2_TH":"เมืองศรีสะเกษ","ADM2_PCODE":"TH3301","ADM1_EN":"Si Sa Ket","ADM1_TH":"ศรีสะเกษ","ADM1_PCODE":"TH33","ADM0_EN":"Thailand","ADM0_TH":"ประเทศไทย","ADM0_PCODE":"TH","date":"2019-02-18T00:00:00.000Z","validOn":"2019-02-21T00:00:00.000Z","validTo":"1899-11-30T00:00:00.000Z"}},{"type":"Feature","geometry":{"type":"Polygon","coordinates":[[[104.17223826500003,15.318227451000041],[104.14002785300005,15.324687852000068],[104.14046027100005,15.269051967000053],[104.16766011100003,15.242804567000064],[104.20014868500004,15.23358410700007],[104.20708953000008,15.23650178500003],[104.23341700300006,15.265228076000028],[104.19043670100007,15.304123633000074],[104.17223826500003,15.318227451000041]]]},"properties":{"Shape_Leng":0.363418876556,"Shape_Area":0.00514769864511,"ADM3_EN":"Nong Ueng","ADM3_TH":"หนองอึ่ง","ADM3_PCODE":"TH330909","ADM3_REF":"","ADM3ALT1EN":"","ADM3ALT2EN":"","ADM3ALT1TH":"","ADM3ALT2TH":"","ADM2_EN":"Rasi Salai","ADM2_TH":"ราษีไศล","ADM2_PCODE":"TH3309","ADM1_EN":"Si Sa Ket","ADM1_TH":"ศรีสะเกษ","ADM1_PCODE":"TH33","ADM0_EN":"Thailand","ADM0_TH":"ประเทศไทย","ADM0_PCODE":"TH","date":"2019-02-18T00:00:00.000Z","validOn":"2019-02-21T00:00:00.000Z","validTo":"1899-11-30T00:00:00.000Z"}},{"type":"Feature","geometry":{"type":"Polygon","coordinates":[[[104.75024482400005,14.716038448000063],[104.76185901300005,14.795956868000076],[104.73866583000006,14.800690073000055],[104.67378584400007,14.771243511000023],[104.68389543900008,14.734190907000027],[104.73980374600006,14.705671038000048],[104.75024482400005,14.716038448000063]]]},"properties":{"Shape_Leng":0.432309033624,"Shape_Area":0.00446591245676,"ADM3_EN":"Nong Wa","ADM3_TH":"หนองหว้า","ADM3_PCODE":"TH331902","ADM3_REF":"","ADM3ALT1EN":"","ADM3ALT2EN":"","ADM3ALT1TH":"","ADM3ALT2TH":"","ADM2_EN":"Benchalak","ADM2_TH":"เบญจลักษ์","ADM2_PCODE":"TH3319","ADM1_EN":"Si Sa Ket","ADM1_TH":"ศรีสะเกษ","ADM1_PCODE":"TH33","ADM0_EN":"Thailand","ADM0_TH":"ประเทศไทย","ADM0_PCODE":"TH","date":"2019-02-18T00:00:00.000Z","validOn":"2019-02-21T00:00:00.000Z","validTo":"1899-11-30T00:00:00.000Z"}},{"type":"Feature","geometry":{"type":"Polygon","coordinates":[[[104.69044941200008,15.22524984100005],[104.64740801000005,15.238556257000027],[104.63111682100003,15.192853784000022],[104.60314180600005,15.199870904000022],[104.59989679100005,15.184943825000062],[104.69915590600004,15.172486649000064],[104.71420010500009,15.182596922000073],[104.69044941200008,15.22524984100005]]]},"properties":{"Shape_Leng":0.498566327648,"Shape_Area":0.00454808746778,"ADM3_EN":"Nong Waeng","ADM3_TH":"หนองแวง","ADM3_PCODE":"TH330305","ADM3_REF":"","ADM3ALT1EN":"","ADM3ALT2EN":"","ADM3ALT1TH":"","ADM3ALT2TH":"","ADM2_EN":"Kanthararom","ADM2_TH":"กันทรารมย์","ADM2_PCODE":"TH3303","ADM1_EN":"Si Sa Ket","ADM1_TH":"ศรีสะเกษ","ADM1_PCODE":"TH33","ADM0_EN":"Thailand","ADM0_TH":"ประเทศไทย","ADM0_PCODE":"TH","date":"2019-02-18T00:00:00.000Z","validOn":"2019-02-21T00:00:00.000Z","validTo":"1899-11-30T00:00:00.000Z"}},{"type":"Feature","geometry":{"type":"Polygon","coordinates":[[[104.62476476200004,14.693785869000067],[104.59823433600008,14.69284981800007],[104.58911433700007,14.61040551900004],[104.65022701400005,14.628955102000077],[104.62476476200004,14.693785869000067]]]},"properties":{"Shape_Leng":0.274805213078,"Shape_Area":0.00257249835757,"ADM3_EN":"Nong Ya Lat","ADM3_TH":"หนองหญ้าลาด","ADM3_PCODE":"TH330416","ADM3_REF":"","ADM3ALT1EN":"","ADM3ALT2EN":"","ADM3ALT1TH":"","ADM3ALT2TH":"","ADM2_EN":"Kantharalak","ADM2_TH":"กันทรลักษ์","ADM2_PCODE":"TH3304","ADM1_EN":"Si Sa Ket","ADM1_TH":"ศรีสะเกษ","ADM1_PCODE":"TH33","ADM0_EN":"Thailand","ADM0_TH":"ประเทศไทย","ADM0_PCODE":"TH","date":"2019-02-18T00:00:00.000Z","validOn":"2019-02-21T00:00:00.000Z","validTo":"1899-11-30T00:00:00.000Z"}},{"type":"Feature","geometry":{"type":"Polygon","coordinates":[[[104.04507339400004,15.221472949000031],[104.02740232700006,15.233481809000068],[104.02245137100005,15.171723112000052],[104.06813320000003,15.180210174000024],[104.04507339400004,15.221472949000031]]]},"properties":{"Shape_Leng":0.188941086831,"Shape_Area":0.00212079661364,"ADM3_EN":"Nong Yai","ADM3_TH":"หนองใหญ่","ADM3_PCODE":"TH331803","ADM3_REF":"","ADM3ALT1EN":"","ADM3ALT2EN":"","ADM3ALT1TH":"","ADM3ALT2TH":"","ADM2_EN":"Mueang Chan","ADM2_TH":"เมืองจันทร์","ADM2_PCODE":"TH3318","ADM1_EN":"Si Sa Ket","ADM1_TH":"ศรีสะเกษ","ADM1_PCODE":"TH33","ADM0_EN":"Thailand","ADM0_TH":"ประเทศไทย","ADM0_PCODE":"TH","date":"2019-02-18T00:00:00.000Z","validOn":"2019-02-21T00:00:00.000Z","validTo":"1899-11-30T00:00:00.000Z"}},{"type":"Feature","geometry":{"type":"Polygon","coordinates":[[[104.25928127000009,15.09414802200007],[104.20167581900006,15.119010459000037],[104.16763156700006,15.097616086000073],[104.17120698500008,15.096844056000066],[104.23352432500008,15.069077808000031],[104.25908055600007,15.090428497000062],[104.25928127000009,15.09414802200007]]]},"properties":{"Shape_Leng":0.288540196677,"Shape_Area":0.00234025451671,"ADM3_EN":"Pa-Ao","ADM3_TH":"ปะอาว","ADM3_PCODE":"TH331017","ADM3_REF":"","ADM3ALT1EN":"","ADM3ALT2EN":"","ADM3ALT1TH":"","ADM3ALT2TH":"","ADM2_EN":"Uthumphon Phisai","ADM2_TH":"อุทุมพรพิสัย","ADM2_PCODE":"TH3310","ADM1_EN":"Si Sa Ket","ADM1_TH":"ศรีสะเกษ","ADM1_PCODE":"TH33","ADM0_EN":"Thailand","ADM0_TH":"ประเทศไทย","ADM0_PCODE":"TH","date":"2019-02-18T00:00:00.000Z","validOn":"2019-02-21T00:00:00.000Z","validTo":"1899-11-30T00:00:00.000Z"}},{"type":"Feature","geometry":{"type":"Polygon","coordinates":[[[104.28612166400006,15.356589920000033],[104.25913762300007,15.371844013000043],[104.21984085800005,15.324488958000074],[104.26656918700007,15.304248589000053],[104.29362841700004,15.346960198000033],[104.28612166400006,15.356589920000033]]]},"properties":{"Shape_Leng":0.23561453735,"Shape_Area":0.00272918135821,"ADM3_EN":"Phai","ADM3_TH":"ไผ่","ADM3_PCODE":"TH330911","ADM3_REF":"","ADM3ALT1EN":"","ADM3ALT2EN":"","ADM3ALT1TH":"","ADM3ALT2TH":"","ADM2_EN":"Rasi Salai","ADM2_TH":"ราษีไศล","ADM2_PCODE":"TH3309","ADM1_EN":"Si Sa Ket","ADM1_TH":"ศรีสะเกษ","ADM1_PCODE":"TH33","ADM0_EN":"Thailand","ADM0_TH":"ประเทศไทย","ADM0_PCODE":"TH","date":"2019-02-18T00:00:00.000Z","validOn":"2019-02-21T00:00:00.000Z","validTo":"1899-11-30T00:00:00.000Z"}},{"type":"Feature","geometry":{"type":"Polygon","coordinates":[[[103.98108649500006,14.97478910600006],[103.96646994700006,14.971762685000044],[103.95600923900008,14.937722488000077],[103.99845246000007,14.926580259000048],[104.03400881600004,14.925498609000044],[104.05237769700005,14.940179421000039],[104.05258936800004,14.952262998000037],[103.98108649500006,14.97478910600006]]]},"properties":{"Shape_Leng":0.302890191236,"Shape_Area":0.00293214562012,"ADM3_EN":"Phak Mai","ADM3_TH":"ผักไหม","ADM3_PCODE":"TH331204","ADM3_REF":"","ADM3ALT1EN":"","ADM3ALT2EN":"","ADM3ALT1TH":"","ADM3ALT2TH":"","ADM2_EN":"Huai Thap Than","ADM2_TH":"ห้วยทับทัน","ADM2_PCODE":"TH3312","ADM1_EN":"Si Sa Ket","ADM1_TH":"ศรีสะเกษ","ADM1_PCODE":"TH33","ADM0_EN":"Thailand","ADM0_TH":"ประเทศไทย","ADM0_PCODE":"TH","date":"2019-02-18T00:00:00.000Z","validOn":"2019-02-21T00:00:00.000Z","validTo":"1899-11-30T00:00:00.000Z"}},{"type":"Feature","geometry":{"type":"Polygon","coordinates":[[[104.48928757900006,15.065340057000071],[104.46753203600008,15.067004324000038],[104.46744539800005,15.065105668000058],[104.45687476400008,15.017503985000076],[104.45616226200008,15.008703880000041],[104.47014845600006,15.008204868000064],[104.50865790000006,15.028375655000048],[104.56355444800005,15.006660530000033],[104.54134682700004,15.049488868000026],[104.48928757900006,15.065340057000071]]]},"properties":{"Shape_Leng":0.329665405287,"Shape_Area":0.00382619195233,"ADM3_EN":"Phak Phaeo","ADM3_TH":"ผักแพว","ADM3_PCODE":"TH330314","ADM3_REF":"","ADM3ALT1EN":"","ADM3ALT2EN":"","ADM3ALT1TH":"","ADM3ALT2TH":"","ADM2_EN":"Kanthararom","ADM2_TH":"กันทรารมย์","ADM2_PCODE":"TH3303","ADM1_EN":"Si Sa Ket","ADM1_TH":"ศรีสะเกษ","ADM1_PCODE":"TH33","ADM0_EN":"Thailand","ADM0_TH":"ประเทศไทย","ADM0_PCODE":"TH","date":"2019-02-18T00:00:00.000Z","validOn":"2019-02-21T00:00:00.000Z","validTo":"1899-11-30T00:00:00.000Z"}},{"type":"Feature","geometry":{"type":"Polygon","coordinates":[[[104.40106728200004,14.895227111000054],[104.40355998400008,14.971154851000051],[104.37664673100005,14.968650632000049],[104.35523368500009,14.948198985000033],[104.36971950300006,14.91347490100003],[104.40106728200004,14.895227111000054]]]},"properties":{"Shape_Leng":0.223701384988,"Shape_Area":0.00311029151003,"ADM3_EN":"Phayu","ADM3_TH":"พยุห์","ADM3_PCODE":"TH332001","ADM3_REF":"","ADM3ALT1EN":"","ADM3ALT2EN":"","ADM3ALT1TH":"","ADM3ALT2TH":"","ADM2_EN":"Phayu","ADM2_TH":"พยุห์","ADM2_PCODE":"TH3320","ADM1_EN":"Si Sa Ket","ADM1_TH":"ศรีสะเกษ","ADM1_PCODE":"TH33","ADM0_EN":"Thailand","ADM0_TH":"ประเทศไทย","ADM0_PCODE":"TH","date":"2019-02-18T00:00:00.000Z","validOn":"2019-02-21T00:00:00.000Z","validTo":"1899-11-30T00:00:00.000Z"}},{"type":"Feature","geometry":{"type":"Polygon","coordinates":[[[104.05939969500008,14.836362807000057],[104.01751829800008,14.862978185000031],[104.00186659600007,14.829375680000055],[104.03592087900006,14.801189116000046],[104.06044141800004,14.818885819000059],[104.05939969500008,14.836362807000057]]]},"properties":{"Shape_Leng":0.217170197328,"Shape_Area":0.00235903407516,"ADM3_EN":"Phimai","ADM3_TH":"พิมาย","ADM3_PCODE":"TH330701","ADM3_REF":"","ADM3ALT1EN":"","ADM3ALT2EN":"","ADM3ALT1TH":"","ADM3ALT2TH":"","ADM2_EN":"Prang Ku","ADM2_TH":"ปรางค์กู่","ADM2_PCODE":"TH3307","ADM1_EN":"Si Sa Ket","ADM1_TH":"ศรีสะเกษ","ADM1_PCODE":"TH33","ADM0_EN":"Thailand","ADM0_TH":"ประเทศไทย","ADM0_PCODE":"TH","date":"2019-02-18T00:00:00.000Z","validOn":"2019-02-21T00:00:00.000Z","validTo":"1899-11-30T00:00:00.000Z"}},{"type":"Feature","geometry":{"type":"Polygon","coordinates":[[[104.06670868200007,14.897028228000067],[104.02326758400005,14.897462028000064],[104.01671399000008,14.875351605000048],[104.01751829800008,14.862978185000031],[104.05939969500008,14.836362807000057],[104.06329224300003,14.835151240000073],[104.06670868200007,14.897028228000067]]]},"properties":{"Shape_Leng":0.22887947196,"Shape_Area":0.00210110776117,"ADM3_EN":"Phimai Nuea","ADM3_TH":"พิมายเหนือ","ADM3_PCODE":"TH330710","ADM3_REF":"","ADM3ALT1EN":"","ADM3ALT2EN":"","ADM3ALT1TH":"","ADM3ALT2TH":"","ADM2_EN":"Prang Ku","ADM2_TH":"ปรางค์กู่","ADM2_PCODE":"TH3307","ADM1_EN":"Si Sa Ket","ADM1_TH":"ศรีสะเกษ","ADM1_PCODE":"TH33","ADM0_EN":"Thailand","ADM0_TH":"ประเทศไทย","ADM0_PCODE":"TH","date":"2019-02-18T00:00:00.000Z","validOn":"2019-02-21T00:00:00.000Z","validTo":"1899-11-30T00:00:00.000Z"}},{"type":"Feature","geometry":{"type":"Polygon","coordinates":[[[104.44781020500005,14.768715388000032],[104.38846127800008,14.798085997000044],[104.39937741200004,14.78315672900004],[104.41469778900006,14.736067603000038],[104.46836765900008,14.74159230600003],[104.44781020500005,14.768715388000032]]]},"properties":{"Shape_Leng":0.314408350504,"Shape_Area":0.0023344729335,"ADM3_EN":"Phing Phuai","ADM3_TH":"พิงพวย","ADM3_PCODE":"TH331402","ADM3_REF":"","ADM3ALT1EN":"","ADM3ALT2EN":"","ADM3ALT1TH":"","ADM3ALT2TH":"","ADM2_EN":"Si Rattana","ADM2_TH":"ศรีรัตนะ","ADM2_PCODE":"TH3314","ADM1_EN":"Si Sa Ket","ADM1_TH":"ศรีสะเกษ","ADM1_PCODE":"TH33","ADM0_EN":"Thailand","ADM0_TH":"ประเทศไทย","ADM0_PCODE":"TH","date":"2019-02-18T00:00:00.000Z","validOn":"2019-02-21T00:00:00.000Z","validTo":"1899-11-30T00:00:00.000Z"}},{"type":"Feature","geometry":{"type":"Polygon","coordinates":[[[104.42074657100005,15.146008365000057],[104.38518236800007,15.157917651000048],[104.36902191800004,15.118043801000056],[104.31688552100007,15.133899946000042],[104.31786340800005,15.12097581100005],[104.34149203800007,15.114652765000073],[104.33282124900006,15.10009079200006],[104.34235333200007,15.087544843000046],[104.37415662700005,15.091789378000044],[104.41111192900007,15.103494971000032],[104.42074657100005,15.146008365000057]]]},"properties":{"Shape_Leng":0.389364505406,"Shape_Area":0.0035784703999,"ADM3_EN":"Pho","ADM3_TH":"โพธิ์","ADM3_PCODE":"TH330123","ADM3_REF":"","ADM3ALT1EN":"","ADM3ALT2EN":"","ADM3ALT1TH":"","ADM3ALT2TH":"","ADM2_EN":"Mueang Si Sa Ket","ADM2_TH":"เมืองศรีสะเกษ","ADM2_PCODE":"TH3301","ADM1_EN":"Si Sa Ket","ADM1_TH":"ศรีสะเกษ","ADM1_PCODE":"TH33","ADM0_EN":"Thailand","ADM0_TH":"ประเทศไทย","ADM0_PCODE":"TH","date":"2019-02-18T00:00:00.000Z","validOn":"2019-02-21T00:00:00.000Z","validTo":"1899-11-30T00:00:00.000Z"}},{"type":"Feature","geometry":{"type":"Polygon","coordinates":[[[104.67671984500004,14.928621957000075],[104.59744130200005,14.947354046000044],[104.60050595500007,14.94084672100007],[104.60136704200005,14.901133901000037],[104.67889361700009,14.902239383000051],[104.67671984500004,14.928621957000075]]]},"properties":{"Shape_Leng":0.306992654548,"Shape_Area":0.00302270058488,"ADM3_EN":"Pho","ADM3_TH":"โพธิ์","ADM3_PCODE":"TH331303","ADM3_REF":"","ADM3ALT1EN":"","ADM3ALT2EN":"","ADM3ALT1TH":"","ADM3ALT2TH":"","ADM2_EN":"Non Khun","ADM2_TH":"โนนคูณ","ADM2_PCODE":"TH3313","ADM1_EN":"Si Sa Ket","ADM1_TH":"ศรีสะเกษ","ADM1_PCODE":"TH33","ADM0_EN":"Thailand","ADM0_TH":"ประเทศไทย","ADM0_PCODE":"TH","date":"2019-02-18T00:00:00.000Z","validOn":"2019-02-21T00:00:00.000Z","validTo":"1899-11-30T00:00:00.000Z"}},{"type":"Feature","geometry":{"type":"Polygon","coordinates":[[[104.24571997400005,15.181352249000042],[104.21816584600003,15.20200772800007],[104.17118001600005,15.169810792000021],[104.22323854300004,15.154498276000027],[104.24637499600004,15.160372967000058],[104.24571997400005,15.181352249000042]]]},"properties":{"Shape_Leng":0.198326362188,"Shape_Area":0.00203453153725,"ADM3_EN":"Pho Chai","ADM3_TH":"โพธิ์ชัย","ADM3_PCODE":"TH331016","ADM3_REF":"","ADM3ALT1EN":"","ADM3ALT2EN":"","ADM3ALT1TH":"","ADM3ALT2TH":"","ADM2_EN":"Uthumphon Phisai","ADM2_TH":"อุทุมพรพิสัย","ADM2_PCODE":"TH3310","ADM1_EN":"Si Sa Ket","ADM1_TH":"ศรีสะเกษ","ADM1_PCODE":"TH33","ADM0_EN":"Thailand","ADM0_TH":"ประเทศไทย","ADM0_PCODE":"TH","date":"2019-02-18T00:00:00.000Z","validOn":"2019-02-21T00:00:00.000Z","validTo":"1899-11-30T00:00:00.000Z"}},{"type":"Feature","geometry":{"type":"Polygon","coordinates":[[[104.34802746400004,14.600341234000041],[104.37196882900008,14.666735525000036],[104.36271985800005,14.673616742000036],[104.31333778200008,14.648453262000032],[104.29039116100006,14.614665261000027],[104.28473704900006,14.583140095000033],[104.34802746400004,14.600341234000041]]]},"properties":{"Shape_Leng":0.285733981956,"Shape_Area":0.00412211929201,"ADM3_EN":"Pho Krasang","ADM3_TH":"โพธิ์กระสังข์","ADM3_PCODE":"TH330811","ADM3_REF":"","ADM3ALT1EN":"","ADM3ALT2EN":"","ADM3ALT1TH":"","ADM3ALT2TH":"","ADM2_EN":"Khun Han","ADM2_TH":"ขุนหาญ","ADM2_PCODE":"TH3308","ADM1_EN":"Si Sa Ket","ADM1_TH":"ศรีสะเกษ","ADM1_PCODE":"TH33","ADM0_EN":"Thailand","ADM0_TH":"ประเทศไทย","ADM0_PCODE":"TH","date":"2019-02-18T00:00:00.000Z","validOn":"2019-02-21T00:00:00.000Z","validTo":"1899-11-30T00:00:00.000Z"}},{"type":"Feature","geometry":{"type":"Polygon","coordinates":[[[104.12219745300007,14.783294226000066],[104.06044141800004,14.818885819000059],[104.03592087900006,14.801189116000046],[104.04098258300007,14.759272016000068],[104.11959184500006,14.767879588000028],[104.12822171400006,14.773855003000051],[104.12219745300007,14.783294226000066]]]},"properties":{"Shape_Leng":0.275432734805,"Shape_Area":0.00260535109501,"ADM3_EN":"Pho Si","ADM3_TH":"โพธิ์ศรี","ADM3_PCODE":"TH330706","ADM3_REF":"","ADM3ALT1EN":"","ADM3ALT2EN":"","ADM3ALT1TH":"","ADM3ALT2TH":"","ADM2_EN":"Prang Ku","ADM2_TH":"ปรางค์กู่","ADM2_PCODE":"TH3307","ADM1_EN":"Si Sa Ket","ADM1_TH":"ศรีสะเกษ","ADM1_PCODE":"TH33","ADM0_EN":"Thailand","ADM0_TH":"ประเทศไทย","ADM0_PCODE":"TH","date":"2019-02-18T00:00:00.000Z","validOn":"2019-02-21T00:00:00.000Z","validTo":"1899-11-30T00:00:00.000Z"}},{"type":"Feature","geometry":{"type":"Polygon","coordinates":[[[104.47583352900006,14.64378046400003],[104.48717852900006,14.684694927000066],[104.42594766300004,14.677315242000077],[104.43054381800005,14.664921202000073],[104.45139137400008,14.637906744000077],[104.47583352900006,14.64378046400003]]]},"properties":{"Shape_Leng":0.208137301359,"Shape_Area":0.00179851580071,"ADM3_EN":"Pho Wong","ADM3_TH":"โพธิ์วงศ์","ADM3_PCODE":"TH330804","ADM3_REF":"","ADM3ALT1EN":"","ADM3ALT2EN":"","ADM3ALT1TH":"","ADM3ALT2TH":"","ADM2_EN":"Khun Han","ADM2_TH":"ขุนหาญ","ADM2_PCODE":"TH3308","ADM1_EN":"Si Sa Ket","ADM1_TH":"ศรีสะเกษ","ADM1_PCODE":"TH33","ADM0_EN":"Thailand","ADM0_TH":"ประเทศไทย","ADM0_PCODE":"TH","date":"2019-02-18T00:00:00.000Z","validOn":"2019-02-21T00:00:00.000Z","validTo":"1899-11-30T00:00:00.000Z"}},{"type":"Feature","geometry":{"type":"Polygon","coordinates":[[[104.37415662700005,15.091789378000044],[104.34235333200007,15.087544843000046],[104.33042694900007,15.071831515000042],[104.36624509400008,15.03982030000003],[104.39523689500004,15.036105397000028],[104.40065879100007,15.038954742000044],[104.40057268900006,15.065080612000031],[104.37415662700005,15.091789378000044]]]},"properties":{"Shape_Leng":0.225576064723,"Shape_Area":0.00263246056233,"ADM3_EN":"Phon Kha","ADM3_TH":"โพนข่า","ADM3_PCODE":"TH330111","ADM3_REF":"","ADM3ALT1EN":"","ADM3ALT2EN":"","ADM3ALT1TH":"","ADM3ALT2TH":"","ADM2_EN":"Mueang Si Sa Ket","ADM2_TH":"เมืองศรีสะเกษ","ADM2_PCODE":"TH3301","ADM1_EN":"Si Sa Ket","ADM1_TH":"ศรีสะเกษ","ADM1_PCODE":"TH33","ADM0_EN":"Thailand","ADM0_TH":"ประเทศไทย","ADM0_PCODE":"TH","date":"2019-02-18T00:00:00.000Z","validOn":"2019-02-21T00:00:00.000Z","validTo":"1899-11-30T00:00:00.000Z"}},{"type":"Feature","geometry":{"type":"Polygon","coordinates":[[[104.39523689500004,15.036105397000028],[104.36624509400008,15.03982030000003],[104.34305902000006,15.010780891000024],[104.36445821700005,14.993514336000032],[104.39523689500004,15.036105397000028]]]},"properties":{"Shape_Leng":0.161716114487,"Shape_Area":0.00129630378563,"ADM3_EN":"Phon Kho","ADM3_TH":"โพนค้อ","ADM3_PCODE":"TH330112","ADM3_REF":"","ADM3ALT1EN":"","ADM3ALT2EN":"","ADM3ALT1TH":"","ADM3ALT2TH":"","ADM2_EN":"Mueang Si Sa Ket","ADM2_TH":"เมืองศรีสะเกษ","ADM2_PCODE":"TH3301","ADM1_EN":"Si Sa Ket","ADM1_TH":"ศรีสะเกษ","ADM1_PCODE":"TH33","ADM0_EN":"Thailand","ADM0_TH":"ประเทศไทย","ADM0_PCODE":"TH","date":"2019-02-18T00:00:00.000Z","validOn":"2019-02-21T00:00:00.000Z","validTo":"1899-11-30T00:00:00.000Z"}},{"type":"Feature","geometry":{"type":"Polygon","coordinates":[[[104.47485281600007,15.13328337300004],[104.43171981300009,15.150708955000027],[104.42074657100005,15.146008365000057],[104.41111192900007,15.103494971000032],[104.47948666300005,15.100511391000055],[104.47736939600009,15.125209384000073],[104.47485281600007,15.13328337300004]]]},"properties":{"Shape_Leng":0.234400235784,"Shape_Area":0.00238715962561,"ADM3_EN":"Phon Khwao","ADM3_TH":"โพนเขวา","ADM3_PCODE":"TH330115","ADM3_REF":"","ADM3ALT1EN":"","ADM3ALT2EN":"","ADM3ALT1TH":"","ADM3ALT2TH":"","ADM2_EN":"Mueang Si Sa Ket","ADM2_TH":"เมืองศรีสะเกษ","ADM2_PCODE":"TH3301","ADM1_EN":"Si Sa Ket","ADM1_TH":"ศรีสะเกษ","ADM1_PCODE":"TH33","ADM0_EN":"Thailand","ADM0_TH":"ประเทศไทย","ADM0_PCODE":"TH","date":"2019-02-18T00:00:00.000Z","validOn":"2019-02-21T00:00:00.000Z","validTo":"1899-11-30T00:00:00.000Z"}},{"type":"Feature","geometry":{"type":"Polygon","coordinates":[[[104.22888152600007,14.938306081000064],[104.13437265700009,14.931466015000069],[104.13375015000008,14.927623254000025],[104.21803548400004,14.90706814300006],[104.22888152600007,14.938306081000064]]]},"properties":{"Shape_Leng":0.244391757536,"Shape_Area":0.00204261490451,"ADM3_EN":"Phon Yang","ADM3_TH":"โพนยาง","ADM3_PCODE":"TH331608","ADM3_REF":"","ADM3ALT1EN":"","ADM3ALT2EN":"","ADM3ALT1TH":"","ADM3ALT2TH":"","ADM2_EN":"Wang Hin","ADM2_TH":"วังหิน","ADM2_PCODE":"TH3316","ADM1_EN":"Si Sa Ket","ADM1_TH":"ศรีสะเกษ","ADM1_PCODE":"TH33","ADM0_EN":"Thailand","ADM0_TH":"ประเทศไทย","ADM0_PCODE":"TH","date":"2019-02-18T00:00:00.000Z","validOn":"2019-02-21T00:00:00.000Z","validTo":"1899-11-30T00:00:00.000Z"}},{"type":"Feature","geometry":{"type":"Polygon","coordinates":[[[104.49885491400005,14.737986440000043],[104.48849831300004,14.749871528000028],[104.46836765900008,14.74159230600003],[104.41469778900006,14.736067603000038],[104.42051942000006,14.707111653000027],[104.42594766300004,14.677315242000077],[104.48717852900006,14.684694927000066],[104.49885491400005,14.737986440000043]]]},"properties":{"Shape_Leng":0.332167046695,"Shape_Area":0.00416317422124,"ADM3_EN":"Phrai","ADM3_TH":"ไพร","ADM3_PCODE":"TH330805","ADM3_REF":"","ADM3ALT1EN":"","ADM3ALT2EN":"","ADM3ALT1TH":"","ADM3ALT2TH":"","ADM2_EN":"Khun Han","ADM2_TH":"ขุนหาญ","ADM2_PCODE":"TH3308","ADM1_EN":"Si Sa Ket","ADM1_TH":"ศรีสะเกษ","ADM1_PCODE":"TH33","ADM0_EN":"Thailand","ADM0_TH":"ประเทศไทย","ADM0_PCODE":"TH","date":"2019-02-18T00:00:00.000Z","validOn":"2019-02-21T00:00:00.000Z","validTo":"1899-11-30T00:00:00.000Z"}},{"type":"Feature","geometry":{"type":"Polygon","coordinates":[[[104.39937741200004,14.78315672900004],[104.33591857700009,14.796590243000026],[104.30729095800007,14.77114561600007],[104.31045661000007,14.750281419000032],[104.39566901100005,14.686484810000024],[104.42051942000006,14.707111653000027],[104.41469778900006,14.736067603000038],[104.39937741200004,14.78315672900004]]]},"properties":{"Shape_Leng":0.47030897131,"Shape_Area":0.00680658727682,"ADM3_EN":"Phrai Bueng","ADM3_TH":"ไพรบึง","ADM3_PCODE":"TH330601","ADM3_REF":"","ADM3ALT1EN":"","ADM3ALT2EN":"","ADM3ALT1TH":"","ADM3ALT2TH":"","ADM2_EN":"Phrai Bueng","ADM2_TH":"ไพรบึง","ADM2_PCODE":"TH3306","ADM1_EN":"Si Sa Ket","ADM1_TH":"ศรีสะเกษ","ADM1_PCODE":"TH33","ADM0_EN":"Thailand","ADM0_TH":"ประเทศไทย","ADM0_PCODE":"TH","date":"2019-02-18T00:00:00.000Z","validOn":"2019-02-21T00:00:00.000Z","validTo":"1899-11-30T00:00:00.000Z"}},{"type":"Feature","geometry":{"type":"Polygon","coordinates":[[[104.13427984700007,14.486771945000044],[104.05365911100006,14.494629927000062],[104.04361653900008,14.360928493000074],[104.05712228100003,14.343440557000065],[104.11829589800004,14.372343526000066],[104.13427984700007,14.486771945000044]]]},"properties":{"Shape_Leng":0.547087217572,"Shape_Area":0.0105353613431,"ADM3_EN":"Phrai Phatthana","ADM3_TH":"ไพรพัฒนา","ADM3_PCODE":"TH331707","ADM3_REF":"","ADM3ALT1EN":"","ADM3ALT2EN":"","ADM3ALT1TH":"","ADM3ALT2TH":"","ADM2_EN":"Phu Sing","ADM2_TH":"ภูสิงห์","ADM2_PCODE":"TH3317","ADM1_EN":"Si Sa Ket","ADM1_TH":"ศรีสะเกษ","ADM1_PCODE":"TH33","ADM0_EN":"Thailand","ADM0_TH":"ประเทศไทย","ADM0_PCODE":"TH","date":"2019-02-18T00:00:00.000Z","validOn":"2019-02-21T00:00:00.000Z","validTo":"1899-11-30T00:00:00.000Z"}},{"type":"Feature","geometry":{"type":"Polygon","coordinates":[[[104.54352863300005,14.601723187000061],[104.51710163500007,14.648784598000077],[104.47583352900006,14.64378046400003],[104.45139137400008,14.637906744000077],[104.45368483100003,14.601924948000033],[104.48554835100003,14.547350610000024],[104.53833000700007,14.552869526000052],[104.53582394300008,14.579492091000077],[104.54352863300005,14.601723187000061]]]},"properties":{"Shape_Leng":0.409003269332,"Shape_Area":0.00676765252672,"ADM3_EN":"Phran","ADM3_TH":"พราน","ADM3_PCODE":"TH330803","ADM3_REF":"","ADM3ALT1EN":"","ADM3ALT2EN":"","ADM3ALT1TH":"","ADM3ALT2TH":"","ADM2_EN":"Khun Han","ADM2_TH":"ขุนหาญ","ADM2_PCODE":"TH3308","ADM1_EN":"Si Sa Ket","ADM1_TH":"ศรีสะเกษ","ADM1_PCODE":"TH33","ADM0_EN":"Thailand","ADM0_TH":"ประเทศไทย","ADM0_PCODE":"TH","date":"2019-02-18T00:00:00.000Z","validOn":"2019-02-21T00:00:00.000Z","validTo":"1899-11-30T00:00:00.000Z"}},{"type":"Feature","geometry":{"type":"Polygon","coordinates":[[[104.40106728200004,14.895227111000054],[104.36971950300006,14.91347490100003],[104.36572497300006,14.90596763700006],[104.35388671600003,14.876269026000045],[104.39938989800004,14.83118528600005],[104.42829211000009,14.82388863600005],[104.44817514200008,14.849071000000038],[104.44620967700007,14.860834607000072],[104.44347158000005,14.868151182000076],[104.40106728200004,14.895227111000054]]]},"properties":{"Shape_Leng":0.343420524159,"Shape_Area":0.00345577860185,"ADM3_EN":"Phrom Sawat","ADM3_TH":"พรหมสวัสดิ์","ADM3_PCODE":"TH332002","ADM3_REF":"","ADM3ALT1EN":"","ADM3ALT2EN":"","ADM3ALT1TH":"","ADM3ALT2TH":"","ADM2_EN":"Phayu","ADM2_TH":"พยุห์","ADM2_PCODE":"TH3320","ADM1_EN":"Si Sa Ket","ADM1_TH":"ศรีสะเกษ","ADM1_PCODE":"TH33","ADM0_EN":"Thailand","ADM0_TH":"ประเทศไทย","ADM0_PCODE":"TH","date":"2019-02-18T00:00:00.000Z","validOn":"2019-02-21T00:00:00.000Z","validTo":"1899-11-30T00:00:00.000Z"}},{"type":"Feature","geometry":{"type":"Polygon","coordinates":[[[104.54250706800008,14.680991033000055],[104.49885491400005,14.737986440000043],[104.48717852900006,14.684694927000066],[104.47583352900006,14.64378046400003],[104.51710163500007,14.648784598000077],[104.54250706800008,14.680991033000055]]]},"properties":{"Shape_Leng":0.297355464562,"Shape_Area":0.00399746917379,"ADM3_EN":"Phu Fai","ADM3_TH":"ภูฝ้าย","ADM3_PCODE":"TH330810","ADM3_REF":"","ADM3ALT1EN":"","ADM3ALT2EN":"","ADM3ALT1TH":"","ADM3ALT2TH":"","ADM2_EN":"Khun Han","ADM2_TH":"ขุนหาญ","ADM2_PCODE":"TH3308","ADM1_EN":"Si Sa Ket","ADM1_TH":"ศรีสะเกษ","ADM1_PCODE":"TH33","ADM0_EN":"Thailand","ADM0_TH":"ประเทศไทย","ADM0_PCODE":"TH","date":"2019-02-18T00:00:00.000Z","validOn":"2019-02-21T00:00:00.000Z","validTo":"1899-11-30T00:00:00.000Z"}},{"type":"Feature","geometry":{"type":"Polygon","coordinates":[[[104.58489280400005,14.787850941000045],[104.55091786300005,14.782949866000024],[104.48849831300004,14.749871528000028],[104.49885491400005,14.737986440000043],[104.54250706800008,14.680991033000055],[104.58414344300007,14.720316318000073],[104.58916111000008,14.771647211000072],[104.58489280400005,14.787850941000045]]]},"properties":{"Shape_Leng":0.396673850376,"Shape_Area":0.00568990240109,"ADM3_EN":"Phu Ngoen","ADM3_TH":"ภูเงิน","ADM3_PCODE":"TH330412","ADM3_REF":"","ADM3ALT1EN":"","ADM3ALT2EN":"","ADM3ALT1TH":"","ADM3ALT2TH":"","ADM2_EN":"Kantharalak","ADM2_TH":"กันทรลักษ์","ADM2_PCODE":"TH3304","ADM1_EN":"Si Sa Ket","ADM1_TH":"ศรีสะเกษ","ADM1_PCODE":"TH33","ADM0_EN":"Thailand","ADM0_TH":"ประเทศไทย","ADM0_PCODE":"TH","date":"2019-02-18T00:00:00.000Z","validOn":"2019-02-21T00:00:00.000Z","validTo":"1899-11-30T00:00:00.000Z"}},{"type":"Feature","geometry":{"type":"Polygon","coordinates":[[[104.88580950400006,14.427106512000023],[104.82854610000004,14.44275125400003],[104.85977121100007,14.471897128000023],[104.84895364700009,14.509246314000052],[104.81765582500009,14.477787699000032],[104.77938887400006,14.495702546000075],[104.78029665500009,14.426812256000062],[104.80676164400006,14.437040460000048],[104.84262534600003,14.40303646600006],[104.90710547700007,14.399177843000075],[104.88580950400006,14.427106512000023]]]},"properties":{"Shape_Leng":0.62518735661,"Shape_Area":0.00557478018358,"ADM3_EN":"Phu Pha Mok","ADM3_TH":"ภูผาหมอก","ADM3_PCODE":"TH330425","ADM3_REF":"","ADM3ALT1EN":"","ADM3ALT2EN":"","ADM3ALT1TH":"","ADM3ALT2TH":"","ADM2_EN":"Kantharalak","ADM2_TH":"กันทรลักษ์","ADM2_PCODE":"TH3304","ADM1_EN":"Si Sa Ket","ADM1_TH":"ศรีสะเกษ","ADM1_PCODE":"TH33","ADM0_EN":"Thailand","ADM0_TH":"ประเทศไทย","ADM0_PCODE":"TH","date":"2019-02-18T00:00:00.000Z","validOn":"2019-02-21T00:00:00.000Z","validTo":"1899-11-30T00:00:00.000Z"}},{"type":"Feature","geometry":{"type":"Polygon","coordinates":[[[104.12526204000005,15.23459882800006],[104.10121170100007,15.269033238000077],[104.09702217800009,15.217921705000037],[104.10996105900006,15.189120187000071],[104.12526204000005,15.23459882800006]]]},"properties":{"Shape_Leng":0.205250627935,"Shape_Area":0.00158325898882,"ADM3_EN":"Phue Yai","ADM3_TH":"ผือใหญ่","ADM3_PCODE":"TH332104","ADM3_REF":"","ADM3ALT1EN":"","ADM3ALT2EN":"","ADM3ALT1TH":"","ADM3ALT2TH":"","ADM2_EN":"Pho Si Suwan","ADM2_TH":"โพธิ์ศรีสุวรรณ","ADM2_PCODE":"TH3321","ADM1_EN":"Si Sa Ket","ADM1_TH":"ศรีสะเกษ","ADM1_PCODE":"TH33","ADM0_EN":"Thailand","ADM0_TH":"ประเทศไทย","ADM0_PCODE":"TH","date":"2019-02-18T00:00:00.000Z","validOn":"2019-02-21T00:00:00.000Z","validTo":"1899-11-30T00:00:00.000Z"}},{"type":"Feature","geometry":{"type":"Polygon","coordinates":[[[104.07944986600006,15.322567050000032],[104.02874778000006,15.324203909000062],[104.01524377900006,15.289547106000043],[104.02893824300008,15.288904237000054],[104.05895515700007,15.266523625000048],[104.09621298100006,15.276429241000073],[104.11439532500003,15.281854687000077],[104.07944986600006,15.322567050000032]]]},"properties":{"Shape_Leng":0.299811089976,"Shape_Area":0.00346035968443,"ADM3_EN":"Po","ADM3_TH":"เป๊าะ","ADM3_PCODE":"TH331101","ADM3_REF":"","ADM3ALT1EN":"","ADM3ALT2EN":"","ADM3ALT1TH":"","ADM3ALT2TH":"","ADM2_EN":"Bueng Bun","ADM2_TH":"บึงบูรพ์","ADM2_PCODE":"TH3311","ADM1_EN":"Si Sa Ket","ADM1_TH":"ศรีสะเกษ","ADM1_PCODE":"TH33","ADM0_EN":"Thailand","ADM0_TH":"ประเทศไทย","ADM0_PCODE":"TH","date":"2019-02-18T00:00:00.000Z","validOn":"2019-02-21T00:00:00.000Z","validTo":"1899-11-30T00:00:00.000Z"}},{"type":"Feature","geometry":{"type":"Polygon","coordinates":[[[104.07629418400006,14.683877886000062],[104.03529742900008,14.699054861000036],[104.04472125300003,14.745741506000059],[104.04098258300007,14.759272016000068],[103.99938704300007,14.747853317000022],[104.00414033100009,14.72095702100006],[104.01146460300004,14.710440969000047],[104.05320103100007,14.656243086000075],[104.07629418400006,14.683877886000062]]]},"properties":{"Shape_Leng":0.366899655848,"Shape_Area":0.00228650599019,"ADM3_EN":"Prasat","ADM3_TH":"ปราสาท","ADM3_PCODE":"TH330518","ADM3_REF":"","ADM3ALT1EN":"","ADM3ALT2EN":"","ADM3ALT1TH":"","ADM3ALT2TH":"","ADM2_EN":"Khukhan","ADM2_TH":"ขุขันธ์","ADM2_PCODE":"TH3305","ADM1_EN":"Si Sa Ket","ADM1_TH":"ศรีสะเกษ","ADM1_PCODE":"TH33","ADM0_EN":"Thailand","ADM0_TH":"ประเทศไทย","ADM0_PCODE":"TH","date":"2019-02-18T00:00:00.000Z","validOn":"2019-02-21T00:00:00.000Z","validTo":"1899-11-30T00:00:00.000Z"}},{"type":"Feature","geometry":{"type":"Polygon","coordinates":[[[104.05175455100004,15.131823348000069],[103.99957753500007,15.137293796000051],[103.99064957500008,15.123217225000076],[103.99233196700004,15.09009596900006],[104.02007604200008,15.078658368000049],[104.06122738200008,15.088041622000048],[104.05520515300009,15.120804407000037],[104.05175455100004,15.131823348000069]]]},"properties":{"Shape_Leng":0.340846817122,"Shape_Area":0.00371641693865,"ADM3_EN":"Prasat","ADM3_TH":"ปราสาท","ADM3_PCODE":"TH331206","ADM3_REF":"","ADM3ALT1EN":"","ADM3ALT2EN":"","ADM3ALT1TH":"","ADM3ALT2TH":"","ADM2_EN":"Huai Thap Than","ADM2_TH":"ห้วยทับทัน","ADM2_PCODE":"TH3312","ADM1_EN":"Si Sa Ket","ADM1_TH":"ศรีสะเกษ","ADM1_PCODE":"TH33","ADM0_EN":"Thailand","ADM0_TH":"ประเทศไทย","ADM0_PCODE":"TH","date":"2019-02-18T00:00:00.000Z","validOn":"2019-02-21T00:00:00.000Z","validTo":"1899-11-30T00:00:00.000Z"}},{"type":"Feature","geometry":{"type":"Polygon","coordinates":[[[104.39243837600009,14.829723770000044],[104.32688381200006,14.82540270000004],[104.33591857700009,14.796590243000026],[104.39937741200004,14.78315672900004],[104.38846127800008,14.798085997000044],[104.39243837600009,14.829723770000044]]]},"properties":{"Shape_Leng":0.269092995723,"Shape_Area":0.0025571679792,"ADM3_EN":"Prasat Yoe","ADM3_TH":"ปราสาทเยอ","ADM3_PCODE":"TH330603","ADM3_REF":"","ADM3ALT1EN":"","ADM3ALT2EN":"","ADM3ALT1TH":"","ADM3ALT2TH":"","ADM2_EN":"Phrai Bueng","ADM2_TH":"ไพรบึง","ADM2_PCODE":"TH3306","ADM1_EN":"Si Sa Ket","ADM1_TH":"ศรีสะเกษ","ADM1_PCODE":"TH33","ADM0_EN":"Thailand","ADM0_TH":"ประเทศไทย","ADM0_PCODE":"TH","date":"2019-02-18T00:00:00.000Z","validOn":"2019-02-21T00:00:00.000Z","validTo":"1899-11-30T00:00:00.000Z"}},{"type":"Feature","geometry":{"type":"Polygon","coordinates":[[[104.25007597700005,14.625017607000075],[104.20804075800004,14.637702581000042],[104.19187901900005,14.630616289000045],[104.20619763400003,14.579008122000062],[104.24778494900005,14.579368871000042],[104.25567640700007,14.501712797000039],[104.28811152400004,14.516130834000023],[104.28473704900006,14.583140095000033],[104.29039116100006,14.614665261000027],[104.25007597700005,14.625017607000075]]]},"properties":{"Shape_Leng":0.479129210483,"Shape_Area":0.00678528160899,"ADM3_EN":"Prue Yai","ADM3_TH":"ปรือใหญ่","ADM3_PCODE":"TH330506","ADM3_REF":"","ADM3ALT1EN":"","ADM3ALT2EN":"","ADM3ALT1TH":"","ADM3ALT2TH":"","ADM2_EN":"Khukhan","ADM2_TH":"ขุขันธ์","ADM2_PCODE":"TH3305","ADM1_EN":"Si Sa Ket","ADM1_TH":"ศรีสะเกษ","ADM1_PCODE":"TH33","ADM0_EN":"Thailand","ADM0_TH":"ประเทศไทย","ADM0_PCODE":"TH","date":"2019-02-18T00:00:00.000Z","validOn":"2019-02-21T00:00:00.000Z","validTo":"1899-11-30T00:00:00.000Z"}},{"type":"Feature","geometry":{"type":"Polygon","coordinates":[[[104.24533577300008,15.226511735000031],[104.23341700300006,15.265228076000028],[104.20708953000008,15.23650178500003],[104.21816584600003,15.20200772800007],[104.24571997400005,15.181352249000042],[104.24533577300008,15.226511735000031]]]},"properties":{"Shape_Leng":0.277412091615,"Shape_Area":0.00284864366919,"ADM3_EN":"Rang Raeng","ADM3_TH":"รังแร้ง","ADM3_PCODE":"TH331012","ADM3_REF":"","ADM3ALT1EN":"","ADM3ALT2EN":"","ADM3ALT1TH":"","ADM3ALT2TH":"","ADM2_EN":"Uthumphon Phisai","ADM2_TH":"อุทุมพรพิสัย","ADM2_PCODE":"TH3310","ADM1_EN":"Si Sa Ket","ADM1_TH":"ศรีสะเกษ","ADM1_PCODE":"TH33","ADM0_EN":"Thailand","ADM0_TH":"ประเทศไทย","ADM0_PCODE":"TH","date":"2019-02-18T00:00:00.000Z","validOn":"2019-02-21T00:00:00.000Z","validTo":"1899-11-30T00:00:00.000Z"}},{"type":"Feature","geometry":{"type":"Polygon","coordinates":[[[104.65024063000004,14.552527399000041],[104.62602691000006,14.558423273000074],[104.62011206800008,14.55956530800006],[104.59639714500008,14.505604273000074],[104.60754219600005,14.396531994000043],[104.64621344300008,14.422833756000045],[104.65510601500006,14.496383054000034],[104.65024063000004,14.552527399000041]]]},"properties":{"Shape_Leng":0.472269243443,"Shape_Area":0.00703692040607,"ADM3_EN":"Rung","ADM3_TH":"รุง","ADM3_PCODE":"TH330408","ADM3_REF":"","ADM3ALT1EN":"","ADM3ALT2EN":"","ADM3ALT1TH":"","ADM3ALT2TH":"","ADM2_EN":"Kantharalak","ADM2_TH":"กันทรลักษ์","ADM2_PCODE":"TH3304","ADM1_EN":"Si Sa Ket","ADM1_TH":"ศรีสะเกษ","ADM1_PCODE":"TH33","ADM0_EN":"Thailand","ADM0_TH":"ประเทศไทย","ADM0_PCODE":"TH","date":"2019-02-18T00:00:00.000Z","validOn":"2019-02-21T00:00:00.000Z","validTo":"1899-11-30T00:00:00.000Z"}},{"type":"Feature","geometry":{"type":"Polygon","coordinates":[[[104.50889219200008,14.916265210000063],[104.44408181300008,14.902755027000069],[104.44347158000005,14.868151182000076],[104.44620967700007,14.860834607000072],[104.48159476300003,14.887083395000047],[104.52690882600007,14.858799610000062],[104.54753981500005,14.834709330000067],[104.55092455300007,14.882399087000067],[104.50889219200008,14.916265210000063]]]},"properties":{"Shape_Leng":0.477942359811,"Shape_Area":0.00405915870996,"ADM3_EN":"Rung Rawi","ADM3_TH":"รุ่งระวี","ADM3_PCODE":"TH331505","ADM3_REF":"","ADM3ALT1EN":"","ADM3ALT2EN":"","ADM3ALT1TH":"","ADM3ALT2TH":"","ADM2_EN":"Nam Kliang","ADM2_TH":"น้ำเกลี้ยง","ADM2_PCODE":"TH3315","ADM1_EN":"Si Sa Ket","ADM1_TH":"ศรีสะเกษ","ADM1_PCODE":"TH33","ADM0_EN":"Thailand","ADM0_TH":"ประเทศไทย","ADM0_PCODE":"TH","date":"2019-02-18T00:00:00.000Z","validOn":"2019-02-21T00:00:00.000Z","validTo":"1899-11-30T00:00:00.000Z"}},{"type":"Feature","geometry":{"type":"Polygon","coordinates":[[[104.09413768400009,15.127918880000038],[104.12033947400005,15.071775273000071],[104.13977146400003,15.089477548000048],[104.12324362900006,15.121375356000044],[104.09413768400009,15.127918880000038]]]},"properties":{"Shape_Leng":0.171724468465,"Shape_Area":0.00144798882453,"ADM3_EN":"Sa Kamphaeng Yai","ADM3_TH":"สระกำแพงใหญ่","ADM3_PCODE":"TH331022","ADM3_REF":"","ADM3ALT1EN":"","ADM3ALT2EN":"","ADM3ALT1TH":"","ADM3ALT2TH":"","ADM2_EN":"Uthumphon Phisai","ADM2_TH":"อุทุมพรพิสัย","ADM2_PCODE":"TH3310","ADM1_EN":"Si Sa Ket","ADM1_TH":"ศรีสะเกษ","ADM1_PCODE":"TH33","ADM0_EN":"Thailand","ADM0_TH":"ประเทศไทย","ADM0_PCODE":"TH","date":"2019-02-18T00:00:00.000Z","validOn":"2019-02-21T00:00:00.000Z","validTo":"1899-11-30T00:00:00.000Z"}},{"type":"Feature","geometry":{"type":"Polygon","coordinates":[[[104.55091786300005,14.782949866000024],[104.50990005400007,14.823334310000064],[104.50171218300005,14.815947176000066],[104.47841866400006,14.809430765000059],[104.48849831300004,14.749871528000028],[104.55091786300005,14.782949866000024]]]},"properties":{"Shape_Leng":0.255539755943,"Shape_Area":0.00313187885117,"ADM3_EN":"Sa Yao","ADM3_TH":"สระเยาว์","ADM3_PCODE":"TH331403","ADM3_REF":"","ADM3ALT1EN":"","ADM3ALT2EN":"","ADM3ALT1TH":"","ADM3ALT2TH":"","ADM2_EN":"Si Rattana","ADM2_TH":"ศรีรัตนะ","ADM2_PCODE":"TH3314","ADM1_EN":"Si Sa Ket","ADM1_TH":"ศรีสะเกษ","ADM1_PCODE":"TH33","ADM0_EN":"Thailand","ADM0_TH":"ประเทศไทย","ADM0_PCODE":"TH","date":"2019-02-18T00:00:00.000Z","validOn":"2019-02-21T00:00:00.000Z","validTo":"1899-11-30T00:00:00.000Z"}},{"type":"Feature","geometry":{"type":"Polygon","coordinates":[[[104.29742526000007,14.737583777000054],[104.27160659900005,14.745507008000061],[104.22386250500006,14.712623502000042],[104.25149719900008,14.682773851000036],[104.28562333900004,14.68249565800005],[104.29742526000007,14.737583777000054]]]},"properties":{"Shape_Leng":0.248150413499,"Shape_Area":0.00342406084641,"ADM3_EN":"Sadao Yai","ADM3_TH":"สะเดาใหญ่","ADM3_PCODE":"TH330507","ADM3_REF":"","ADM3ALT1EN":"","ADM3ALT2EN":"","ADM3ALT1TH":"","ADM3ALT2TH":"","ADM2_EN":"Khukhan","ADM2_TH":"ขุขันธ์","ADM2_PCODE":"TH3305","ADM1_EN":"Si Sa Ket","ADM1_TH":"ศรีสะเกษ","ADM1_PCODE":"TH33","ADM0_EN":"Thailand","ADM0_TH":"ประเทศไทย","ADM0_PCODE":"TH","date":"2019-02-18T00:00:00.000Z","validOn":"2019-02-21T00:00:00.000Z","validTo":"1899-11-30T00:00:00.000Z"}},{"type":"Feature","geometry":{"type":"Polygon","coordinates":[[[104.36624509400008,15.03982030000003],[104.33042694900007,15.071831515000042],[104.29644719900006,15.04498436700004],[104.29948044100007,15.025789073000055],[104.30054114100005,15.015263064000067],[104.34305902000006,15.010780891000024],[104.36624509400008,15.03982030000003]]]},"properties":{"Shape_Leng":0.224027551746,"Shape_Area":0.00282196570932,"ADM3_EN":"Sam","ADM3_TH":"ซำ","ADM3_PCODE":"TH330104","ADM3_REF":"","ADM3ALT1EN":"","ADM3ALT2EN":"","ADM3ALT1TH":"","ADM3ALT2TH":"","ADM2_EN":"Mueang Si Sa Ket","ADM2_TH":"เมืองศรีสะเกษ","ADM2_PCODE":"TH3301","ADM1_EN":"Si Sa Ket","ADM1_TH":"ศรีสะเกษ","ADM1_PCODE":"TH33","ADM0_EN":"Thailand","ADM0_TH":"ประเทศไทย","ADM0_PCODE":"TH","date":"2019-02-18T00:00:00.000Z","validOn":"2019-02-21T00:00:00.000Z","validTo":"1899-11-30T00:00:00.000Z"}},{"type":"Feature","geometry":{"type":"Polygon","coordinates":[[[104.12740294700006,14.848731482000062],[104.06329224300003,14.835151240000073],[104.05939969500008,14.836362807000057],[104.06044141800004,14.818885819000059],[104.12219745300007,14.783294226000066],[104.12740294700006,14.848731482000062]]]},"properties":{"Shape_Leng":0.313936765068,"Shape_Area":0.00330333887783,"ADM3_EN":"Samo","ADM3_TH":"สมอ","ADM3_PCODE":"TH330705","ADM3_REF":"","ADM3ALT1EN":"","ADM3ALT2EN":"","ADM3ALT1TH":"","ADM3ALT2TH":"","ADM2_EN":"Prang Ku","ADM2_TH":"ปรางค์กู่","ADM2_PCODE":"TH3307","ADM1_EN":"Si Sa Ket","ADM1_TH":"ศรีสะเกษ","ADM1_PCODE":"TH33","ADM0_EN":"Thailand","ADM0_TH":"ประเทศไทย","ADM0_PCODE":"TH","date":"2019-02-18T00:00:00.000Z","validOn":"2019-02-21T00:00:00.000Z","validTo":"1899-11-30T00:00:00.000Z"}},{"type":"Feature","geometry":{"type":"Polygon","coordinates":[[[104.16645809100004,15.181265402000065],[104.12241352000007,15.166000328000052],[104.12324362900006,15.121375356000044],[104.15875570100008,15.119067952000023],[104.17523978000008,15.140067379000072],[104.17118001600005,15.169810792000021],[104.16645809100004,15.181265402000065]]]},"properties":{"Shape_Leng":0.243325545688,"Shape_Area":0.00224864206562,"ADM3_EN":"Samrong","ADM3_TH":"สำโรง","ADM3_PCODE":"TH331005","ADM3_REF":"","ADM3ALT1EN":"","ADM3ALT2EN":"","ADM3ALT1TH":"","ADM3ALT2TH":"","ADM2_EN":"Uthumphon Phisai","ADM2_TH":"อุทุมพรพิสัย","ADM2_PCODE":"TH3310","ADM1_EN":"Si Sa Ket","ADM1_TH":"ศรีสะเกษ","ADM1_PCODE":"TH33","ADM0_EN":"Thailand","ADM0_TH":"ประเทศไทย","ADM0_PCODE":"TH","date":"2019-02-18T00:00:00.000Z","validOn":"2019-02-21T00:00:00.000Z","validTo":"1899-11-30T00:00:00.000Z"}},{"type":"Feature","geometry":{"type":"Polygon","coordinates":[[[104.39566901100005,14.686484810000024],[104.31045661000007,14.750281419000032],[104.29742526000007,14.737583777000054],[104.28562333900004,14.68249565800005],[104.29092533700003,14.66603798400007],[104.31333778200008,14.648453262000032],[104.36271985800005,14.673616742000036],[104.39566901100005,14.686484810000024]]]},"properties":{"Shape_Leng":0.358752013564,"Shape_Area":0.00567504583536,"ADM3_EN":"Samrong Phlan","ADM3_TH":"สำโรงพลัน","ADM3_PCODE":"TH330604","ADM3_REF":"","ADM3ALT1EN":"","ADM3ALT2EN":"","ADM3ALT1TH":"","ADM3ALT2TH":"","ADM2_EN":"Phrai Bueng","ADM2_TH":"ไพรบึง","ADM2_PCODE":"TH3306","ADM1_EN":"Si Sa Ket","ADM1_TH":"ศรีสะเกษ","ADM1_PCODE":"TH33","ADM0_EN":"Thailand","ADM0_TH":"ประเทศไทย","ADM0_PCODE":"TH","date":"2019-02-18T00:00:00.000Z","validOn":"2019-02-21T00:00:00.000Z","validTo":"1899-11-30T00:00:00.000Z"}},{"type":"Feature","geometry":{"type":"Polygon","coordinates":[[[104.13437265700009,14.931466015000069],[104.12534540400009,14.94471984200004],[104.09484664300004,14.938202029000024],[104.05237769700005,14.940179421000039],[104.03400881600004,14.925498609000044],[104.02326758400005,14.897462028000064],[104.06670868200007,14.897028228000067],[104.13940773100006,14.911875113000065],[104.13375015000008,14.927623254000025],[104.13437265700009,14.931466015000069]]]},"properties":{"Shape_Leng":0.371948502745,"Shape_Area":0.00352047258183,"ADM3_EN":"Samrong Prasat","ADM3_TH":"สำโรงปราสาท","ADM3_PCODE":"TH330707","ADM3_REF":"","ADM3ALT1EN":"","ADM3ALT2EN":"","ADM3ALT1TH":"","ADM3ALT2TH":"","ADM2_EN":"Prang Ku","ADM2_TH":"ปรางค์กู่","ADM2_PCODE":"TH3307","ADM1_EN":"Si Sa Ket","ADM1_TH":"ศรีสะเกษ","ADM1_PCODE":"TH33","ADM0_EN":"Thailand","ADM0_TH":"ประเทศไทย","ADM0_PCODE":"TH","date":"2019-02-18T00:00:00.000Z","validOn":"2019-02-21T00:00:00.000Z","validTo":"1899-11-30T00:00:00.000Z"}},{"type":"Feature","geometry":{"type":"Polygon","coordinates":[[[104.21875860000006,14.894666534000066],[104.13756972200008,14.899961311000027],[104.13537605300007,14.85422679900006],[104.14242370600005,14.83917675400005],[104.21842122900006,14.856725446000041],[104.21875860000006,14.894666534000066]]]},"properties":{"Shape_Leng":0.339668019229,"Shape_Area":0.00273091737427,"ADM3_EN":"Samrong Ta Chen","ADM3_TH":"สำโรงตาเจ็น","ADM3_PCODE":"TH330521","ADM3_REF":"","ADM3ALT1EN":"","ADM3ALT2EN":"","ADM3ALT1TH":"","ADM3ALT2TH":"","ADM2_EN":"Khukhan","ADM2_TH":"ขุขันธ์","ADM2_PCODE":"TH3305","ADM1_EN":"Si Sa Ket","ADM1_TH":"ศรีสะเกษ","ADM1_PCODE":"TH33","ADM0_EN":"Thailand","ADM0_TH":"ประเทศไทย","ADM0_PCODE":"TH","date":"2019-02-18T00:00:00.000Z","validOn":"2019-02-21T00:00:00.000Z","validTo":"1899-11-30T00:00:00.000Z"}},{"type":"Feature","geometry":{"type":"Polygon","coordinates":[[[104.73980374600006,14.705671038000048],[104.68389543900008,14.734190907000027],[104.69956999900006,14.689483703000064],[104.69650779500006,14.681548792000058],[104.71168419000008,14.596925246000069],[104.71286682700008,14.576118897000072],[104.74974153400007,14.569909039000038],[104.77596930800007,14.644249419000062],[104.73980374600006,14.705671038000048]]]},"properties":{"Shape_Leng":0.529344184864,"Shape_Area":0.00808617010747,"ADM3_EN":"Sang Mek","ADM3_TH":"สังเม็ก","ADM3_PCODE":"TH330405","ADM3_REF":"","ADM3ALT1EN":"","ADM3ALT2EN":"","ADM3ALT1TH":"","ADM3ALT2TH":"","ADM2_EN":"Kantharalak","ADM2_TH":"กันทรลักษ์","ADM2_PCODE":"TH3304","ADM1_EN":"Si Sa Ket","ADM1_TH":"ศรีสะเกษ","ADM1_PCODE":"TH33","ADM0_EN":"Thailand","ADM0_TH":"ประเทศไทย","ADM0_PCODE":"TH","date":"2019-02-18T00:00:00.000Z","validOn":"2019-02-21T00:00:00.000Z","validTo":"1899-11-30T00:00:00.000Z"}},{"type":"Feature","geometry":{"type":"Polygon","coordinates":[[[104.34548914200008,15.34188105100003],[104.29362841700004,15.346960198000033],[104.26656918700007,15.304248589000053],[104.32451996500004,15.284078202000046],[104.34548914200008,15.34188105100003]]]},"properties":{"Shape_Leng":0.248119431306,"Shape_Area":0.00341884545987,"ADM3_EN":"Sang Pi","ADM3_TH":"สร้างปี่","ADM3_PCODE":"TH330915","ADM3_REF":"","ADM3ALT1EN":"","ADM3ALT2EN":"","ADM3ALT1TH":"","ADM3ALT2TH":"","ADM2_EN":"Rasi Salai","ADM2_TH":"ราษีไศล","ADM2_PCODE":"TH3309","ADM1_EN":"Si Sa Ket","ADM1_TH":"ศรีสะเกษ","ADM1_PCODE":"TH33","ADM0_EN":"Thailand","ADM0_TH":"ประเทศไทย","ADM0_PCODE":"TH","date":"2019-02-18T00:00:00.000Z","validOn":"2019-02-21T00:00:00.000Z","validTo":"1899-11-30T00:00:00.000Z"}},{"type":"Feature","geometry":{"type":"Polygon","coordinates":[[[104.15499552200004,14.681315178000034],[104.08835892400003,14.702743554000051],[104.07629418400006,14.683877886000062],[104.05320103100007,14.656243086000075],[104.05103883600003,14.63684904300004],[104.05727489400005,14.621943053000052],[104.10280805000008,14.613886225000044],[104.13472860300004,14.63058200000006],[104.14503172400003,14.637008433000062],[104.15499552200004,14.681315178000034]]]},"properties":{"Shape_Leng":0.435061047386,"Shape_Area":0.00633890254191,"ADM3_EN":"Sano","ADM3_TH":"โสน","ADM3_PCODE":"TH330505","ADM3_REF":"","ADM3ALT1EN":"","ADM3ALT2EN":"","ADM3ALT1TH":"","ADM3ALT2TH":"","ADM2_EN":"Khukhan","ADM2_TH":"ขุขันธ์","ADM2_PCODE":"TH3305","ADM1_EN":"Si Sa Ket","ADM1_TH":"ศรีสะเกษ","ADM1_PCODE":"TH33","ADM0_EN":"Thailand","ADM0_TH":"ประเทศไทย","ADM0_PCODE":"TH","date":"2019-02-18T00:00:00.000Z","validOn":"2019-02-21T00:00:00.000Z","validTo":"1899-11-30T00:00:00.000Z"}},{"type":"Feature","geometry":{"type":"Polygon","coordinates":[[[104.77175468400009,14.503884406000054],[104.65510601500006,14.496383054000034],[104.64621344300008,14.422833756000045],[104.68282882700004,14.39368571600005],[104.71477772400004,14.431349755000042],[104.75218835100009,14.40279881500004],[104.78029665500009,14.426812256000062],[104.77938887400006,14.495702546000075],[104.77175468400009,14.503884406000054]]]},"properties":{"Shape_Leng":0.572032471126,"Shape_Area":0.010456082639,"ADM3_EN":"Sao Thong Chai","ADM3_TH":"เสาธงชัย","ADM3_PCODE":"TH330419","ADM3_REF":"","ADM3ALT1EN":"","ADM3ALT2EN":"","ADM3ALT1TH":"","ADM3ALT2TH":"","ADM2_EN":"Kantharalak","ADM2_TH":"กันทรลักษ์","ADM2_PCODE":"TH3304","ADM1_EN":"Si Sa Ket","ADM1_TH":"ศรีสะเกษ","ADM1_PCODE":"TH33","ADM0_EN":"Thailand","ADM0_TH":"ประเทศไทย","ADM0_PCODE":"TH","date":"2019-02-18T00:00:00.000Z","validOn":"2019-02-21T00:00:00.000Z","validTo":"1899-11-30T00:00:00.000Z"}},{"type":"Feature","geometry":{"type":"Polygon","coordinates":[[[104.50171218300005,14.815947176000066],[104.44817514200008,14.849071000000038],[104.42829211000009,14.82388863600005],[104.44080395400005,14.801332150000064],[104.47841866400006,14.809430765000059],[104.50171218300005,14.815947176000066]]]},"properties":{"Shape_Leng":0.220135993028,"Shape_Area":0.00235702148215,"ADM3_EN":"Saphung","ADM3_TH":"สะพุง","ADM3_PCODE":"TH331407","ADM3_REF":"","ADM3ALT1EN":"","ADM3ALT2EN":"","ADM3ALT1TH":"","ADM3ALT2TH":"","ADM2_EN":"Si Rattana","ADM2_TH":"ศรีรัตนะ","ADM2_PCODE":"TH3314","ADM1_EN":"Si Sa Ket","ADM1_TH":"ศรีสะเกษ","ADM1_PCODE":"TH33","ADM0_EN":"Thailand","ADM0_TH":"ประเทศไทย","ADM0_PCODE":"TH","date":"2019-02-18T00:00:00.000Z","validOn":"2019-02-21T00:00:00.000Z","validTo":"1899-11-30T00:00:00.000Z"}},{"type":"Feature","geometry":{"type":"Polygon","coordinates":[[[103.95600923900008,14.937722488000077],[103.92813397800006,14.903384493000033],[103.92325141000003,14.892818347000059],[103.93366218200003,14.892158678000044],[103.99057977500007,14.902985504000071],[103.99845246000007,14.926580259000048],[103.95600923900008,14.937722488000077]]]},"properties":{"Shape_Leng":0.245148825562,"Shape_Area":0.00228751474635,"ADM3_EN":"Sawai","ADM3_TH":"สวาย","ADM3_PCODE":"TH330709","ADM3_REF":"","ADM3ALT1EN":"","ADM3ALT2EN":"","ADM3ALT1TH":"","ADM3ALT2TH":"","ADM2_EN":"Prang Ku","ADM2_TH":"ปรางค์กู่","ADM2_PCODE":"TH3307","ADM1_EN":"Si Sa Ket","ADM1_TH":"ศรีสะเกษ","ADM1_PCODE":"TH33","ADM0_EN":"Thailand","ADM0_TH":"ประเทศไทย","ADM0_PCODE":"TH","date":"2019-02-18T00:00:00.000Z","validOn":"2019-02-21T00:00:00.000Z","validTo":"1899-11-30T00:00:00.000Z"}},{"type":"Feature","geometry":{"type":"Polygon","coordinates":[[[104.42639192400009,14.587616869000044],[104.45368483100003,14.601924948000033],[104.45139137400008,14.637906744000077],[104.43054381800005,14.664921202000073],[104.41366953800008,14.64140726100004],[104.42639192400009,14.587616869000044]]]},"properties":{"Shape_Leng":0.242848922647,"Shape_Area":0.00230440288028,"ADM3_EN":"Si","ADM3_TH":"สิ","ADM3_PCODE":"TH330801","ADM3_REF":"","ADM3ALT1EN":"","ADM3ALT2EN":"","ADM3ALT1TH":"","ADM3ALT2TH":"","ADM2_EN":"Khun Han","ADM2_TH":"ขุนหาญ","ADM2_PCODE":"TH3308","ADM1_EN":"Si Sa Ket","ADM1_TH":"ศรีสะเกษ","ADM1_PCODE":"TH33","ADM0_EN":"Thailand","ADM0_TH":"ประเทศไทย","ADM0_PCODE":"TH","date":"2019-02-18T00:00:00.000Z","validOn":"2019-02-21T00:00:00.000Z","validTo":"1899-11-30T00:00:00.000Z"}},{"type":"Feature","geometry":{"type":"Polygon","coordinates":[[[104.47841866400006,14.809430765000059],[104.44080395400005,14.801332150000064],[104.44781020500005,14.768715388000032],[104.46836765900008,14.74159230600003],[104.48849831300004,14.749871528000028],[104.47841866400006,14.809430765000059]]]},"properties":{"Shape_Leng":0.215839816745,"Shape_Area":0.00217629813199,"ADM3_EN":"Si Kaeo","ADM3_TH":"ศรีแก้ว","ADM3_PCODE":"TH331401","ADM3_REF":"","ADM3ALT1EN":"","ADM3ALT2EN":"","ADM3ALT1TH":"","ADM3ALT2TH":"","ADM2_EN":"Si Rattana","ADM2_TH":"ศรีรัตนะ","ADM2_PCODE":"TH3314","ADM1_EN":"Si Sa Ket","ADM1_TH":"ศรีสะเกษ","ADM1_PCODE":"TH33","ADM0_EN":"Thailand","ADM0_TH":"ประเทศไทย","ADM0_PCODE":"TH","date":"2019-02-18T00:00:00.000Z","validOn":"2019-02-21T00:00:00.000Z","validTo":"1899-11-30T00:00:00.000Z"}},{"type":"Feature","geometry":{"type":"Polygon","coordinates":[[[104.42829211000009,14.82388863600005],[104.39938989800004,14.83118528600005],[104.39243837600009,14.829723770000044],[104.38846127800008,14.798085997000044],[104.44781020500005,14.768715388000032],[104.44080395400005,14.801332150000064],[104.42829211000009,14.82388863600005]]]},"properties":{"Shape_Leng":0.257147651467,"Shape_Area":0.00232460611291,"ADM3_EN":"Si Non Ngam","ADM3_TH":"ศรีโนนงาม","ADM3_PCODE":"TH331406","ADM3_REF":"","ADM3ALT1EN":"","ADM3ALT2EN":"","ADM3ALT1TH":"","ADM3ALT2TH":"","ADM2_EN":"Si Rattana","ADM2_TH":"ศรีรัตนะ","ADM2_PCODE":"TH3314","ADM1_EN":"Si Sa Ket","ADM1_TH":"ศรีสะเกษ","ADM1_PCODE":"TH33","ADM0_EN":"Thailand","ADM0_TH":"ประเทศไทย","ADM0_PCODE":"TH","date":"2019-02-18T00:00:00.000Z","validOn":"2019-02-21T00:00:00.000Z","validTo":"1899-11-30T00:00:00.000Z"}},{"type":"Feature","geometry":{"type":"Polygon","coordinates":[[[104.11959184500006,14.767879588000028],[104.04098258300007,14.759272016000068],[104.04472125300003,14.745741506000059],[104.10308209000004,14.736092979000034],[104.11959184500006,14.767879588000028]]]},"properties":{"Shape_Leng":0.241177125988,"Shape_Area":0.00155487050508,"ADM3_EN":"Si Sa-At","ADM3_TH":"ศรีสะอาด","ADM3_PCODE":"TH330528","ADM3_REF":"","ADM3ALT1EN":"","ADM3ALT2EN":"","ADM3ALT1TH":"","ADM3ALT2TH":"","ADM2_EN":"Khukhan","ADM2_TH":"ขุขันธ์","ADM2_PCODE":"TH3305","ADM1_EN":"Si Sa Ket","ADM1_TH":"ศรีสะเกษ","ADM1_PCODE":"TH33","ADM0_EN":"Thailand","ADM0_TH":"ประเทศไทย","ADM0_PCODE":"TH","date":"2019-02-18T00:00:00.000Z","validOn":"2019-02-21T00:00:00.000Z","validTo":"1899-11-30T00:00:00.000Z"}},{"type":"Feature","geometry":{"type":"Polygon","coordinates":[[[104.21803548400004,14.90706814300006],[104.13375015000008,14.927623254000025],[104.13940773100006,14.911875113000065],[104.13756972200008,14.899961311000027],[104.21875860000006,14.894666534000066],[104.22123553400007,14.893397037000057],[104.21803548400004,14.90706814300006]]]},"properties":{"Shape_Leng":0.253650419109,"Shape_Area":0.00245039765525,"ADM3_EN":"Si Samran","ADM3_TH":"ศรีสำราญ","ADM3_PCODE":"TH331605","ADM3_REF":"","ADM3ALT1EN":"","ADM3ALT2EN":"","ADM3ALT1TH":"","ADM3ALT2TH":"","ADM2_EN":"Wang Hin","ADM2_TH":"วังหิน","ADM2_PCODE":"TH3316","ADM1_EN":"Si Sa Ket","ADM1_TH":"ศรีสะเกษ","ADM1_PCODE":"TH33","ADM0_EN":"Thailand","ADM0_TH":"ประเทศไทย","ADM0_PCODE":"TH","date":"2019-02-18T00:00:00.000Z","validOn":"2019-02-21T00:00:00.000Z","validTo":"1899-11-30T00:00:00.000Z"}},{"type":"Feature","geometry":{"type":"Polygon","coordinates":[[[104.31333778200008,14.648453262000032],[104.29092533700003,14.66603798400007],[104.25212891200005,14.644970779000062],[104.25007597700005,14.625017607000075],[104.29039116100006,14.614665261000027],[104.31333778200008,14.648453262000032]]]},"properties":{"Shape_Leng":0.184690671911,"Shape_Area":0.00194769133176,"ADM3_EN":"Si Trakun","ADM3_TH":"ศรีตระกูล","ADM3_PCODE":"TH330527","ADM3_REF":"","ADM3ALT1EN":"","ADM3ALT2EN":"","ADM3ALT1TH":"","ADM3ALT2TH":"","ADM2_EN":"Khukhan","ADM2_TH":"ขุขันธ์","ADM2_PCODE":"TH3305","ADM1_EN":"Si Sa Ket","ADM1_TH":"ศรีสะเกษ","ADM1_PCODE":"TH33","ADM0_EN":"Thailand","ADM0_TH":"ประเทศไทย","ADM0_PCODE":"TH","date":"2019-02-18T00:00:00.000Z","validOn":"2019-02-21T00:00:00.000Z","validTo":"1899-11-30T00:00:00.000Z"}},{"type":"Feature","geometry":{"type":"Polygon","coordinates":[[[104.75606207100009,14.816999231000068],[104.68889727300007,14.836523210000053],[104.64231390900005,14.811350090000076],[104.64252130900007,14.788606392000077],[104.67378584400007,14.771243511000023],[104.73866583000006,14.800690073000055],[104.75606207100009,14.816999231000068]]]},"properties":{"Shape_Leng":0.388423043953,"Shape_Area":0.00468802695515,"ADM3_EN":"Siao","ADM3_TH":"เสียว","ADM3_PCODE":"TH331901","ADM3_REF":"","ADM3ALT1EN":"","ADM3ALT2EN":"","ADM3ALT1TH":"","ADM3ALT2TH":"","ADM2_EN":"Benchalak","ADM2_TH":"เบญจลักษ์","ADM2_PCODE":"TH3319","ADM1_EN":"Si Sa Ket","ADM1_TH":"ศรีสะเกษ","ADM1_PCODE":"TH33","ADM0_EN":"Thailand","ADM0_TH":"ประเทศไทย","ADM0_PCODE":"TH","date":"2019-02-18T00:00:00.000Z","validOn":"2019-02-21T00:00:00.000Z","validTo":"1899-11-30T00:00:00.000Z"}},{"type":"Feature","geometry":{"type":"Polygon","coordinates":[[[104.05895515700007,15.266523625000048],[104.02893824300008,15.288904237000054],[104.02065633700005,15.241983616000027],[104.02740232700006,15.233481809000068],[104.04507339400004,15.221472949000031],[104.06313062300006,15.24491917100005],[104.05895515700007,15.266523625000048]]]},"properties":{"Shape_Leng":0.180337657563,"Shape_Area":0.00175578605595,"ADM3_EN":"Siao","ADM3_TH":"เสียว","ADM3_PCODE":"TH332102","ADM3_REF":"","ADM3ALT1EN":"","ADM3ALT2EN":"","ADM3ALT1TH":"","ADM3ALT2TH":"","ADM2_EN":"Pho Si Suwan","ADM2_TH":"โพธิ์ศรีสุวรรณ","ADM2_PCODE":"TH3321","ADM1_EN":"Si Sa Ket","ADM1_TH":"ศรีสะเกษ","ADM1_PCODE":"TH33","ADM0_EN":"Thailand","ADM0_TH":"ประเทศไทย","ADM0_PCODE":"TH","date":"2019-02-18T00:00:00.000Z","validOn":"2019-02-21T00:00:00.000Z","validTo":"1899-11-30T00:00:00.000Z"}},{"type":"Feature","geometry":{"type":"Polygon","coordinates":[[[104.26656918700007,15.304248589000053],[104.21984085800005,15.324488958000074],[104.19043670100007,15.304123633000074],[104.23341700300006,15.265228076000028],[104.24533577300008,15.226511735000031],[104.27401765300004,15.252022239000041],[104.26656918700007,15.304248589000053]]]},"properties":{"Shape_Leng":0.354539646316,"Shape_Area":0.00344827063235,"ADM3_EN":"Som Poi","ADM3_TH":"ส้มป่อย","ADM3_PCODE":"TH330912","ADM3_REF":"","ADM3ALT1EN":"","ADM3ALT2EN":"","ADM3ALT1TH":"","ADM3ALT2TH":"","ADM2_EN":"Rasi Salai","ADM2_TH":"ราษีไศล","ADM2_PCODE":"TH3309","ADM1_EN":"Si Sa Ket","ADM1_TH":"ศรีสะเกษ","ADM1_PCODE":"TH33","ADM0_EN":"Thailand","ADM0_TH":"ประเทศไทย","ADM0_PCODE":"TH","date":"2019-02-18T00:00:00.000Z","validOn":"2019-02-21T00:00:00.000Z","validTo":"1899-11-30T00:00:00.000Z"}},{"type":"Feature","geometry":{"type":"Polygon","coordinates":[[[104.77596930800007,14.644249419000062],[104.81468744400007,14.730319884000039],[104.75024482400005,14.716038448000063],[104.73980374600006,14.705671038000048],[104.77596930800007,14.644249419000062]]]},"properties":{"Shape_Leng":0.289225184371,"Shape_Area":0.00404998769361,"ADM3_EN":"Suan Kluai","ADM3_TH":"สวนกล้วย","ADM3_PCODE":"TH330421","ADM3_REF":"","ADM3ALT1EN":"","ADM3ALT2EN":"","ADM3ALT1TH":"","ADM3ALT2TH":"","ADM2_EN":"Kantharalak","ADM2_TH":"กันทรลักษ์","ADM2_PCODE":"TH3304","ADM1_EN":"Si Sa Ket","ADM1_TH":"ศรีสะเกษ","ADM1_PCODE":"TH33","ADM0_EN":"Thailand","ADM0_TH":"ประเทศไทย","ADM0_PCODE":"TH","date":"2019-02-18T00:00:00.000Z","validOn":"2019-02-21T00:00:00.000Z","validTo":"1899-11-30T00:00:00.000Z"}},{"type":"Feature","geometry":{"type":"Polygon","coordinates":[[[104.54753981500005,14.834709330000067],[104.52690882600007,14.858799610000062],[104.50990005400007,14.823334310000064],[104.55091786300005,14.782949866000024],[104.58489280400005,14.787850941000045],[104.60569155800005,14.816978324000047],[104.54753981500005,14.834709330000067]]]},"properties":{"Shape_Leng":0.350518899666,"Shape_Area":0.00313141778428,"ADM3_EN":"Sueang Khao","ADM3_TH":"เสื่องข้าว","ADM3_PCODE":"TH331405","ADM3_REF":"","ADM3ALT1EN":"","ADM3ALT2EN":"","ADM3ALT1TH":"","ADM3ALT2TH":"","ADM2_EN":"Si Rattana","ADM2_TH":"ศรีรัตนะ","ADM2_PCODE":"TH3314","ADM1_EN":"Si Sa Ket","ADM1_TH":"ศรีสะเกษ","ADM1_PCODE":"TH33","ADM0_EN":"Thailand","ADM0_TH":"ประเทศไทย","ADM0_PCODE":"TH","date":"2019-02-18T00:00:00.000Z","validOn":"2019-02-21T00:00:00.000Z","validTo":"1899-11-30T00:00:00.000Z"}},{"type":"Feature","geometry":{"type":"Polygon","coordinates":[[[104.35388671600003,14.876269026000045],[104.32003828400008,14.882690788000048],[104.31257903200009,14.832321482000054],[104.32688381200006,14.82540270000004],[104.39243837600009,14.829723770000044],[104.39938989800004,14.83118528600005],[104.35388671600003,14.876269026000045]]]},"properties":{"Shape_Leng":0.287089417672,"Shape_Area":0.00303063199257,"ADM3_EN":"Suk Sawat","ADM3_TH":"สุขสวัสดิ์","ADM3_PCODE":"TH330605","ADM3_REF":"","ADM3ALT1EN":"","ADM3ALT2EN":"","ADM3ALT1TH":"","ADM3ALT2TH":"","ADM2_EN":"Phrai Bueng","ADM2_TH":"ไพรบึง","ADM2_PCODE":"TH3306","ADM1_EN":"Si Sa Ket","ADM1_TH":"ศรีสะเกษ","ADM1_PCODE":"TH33","ADM0_EN":"Thailand","ADM0_TH":"ประเทศไทย","ADM0_PCODE":"TH","date":"2019-02-18T00:00:00.000Z","validOn":"2019-02-21T00:00:00.000Z","validTo":"1899-11-30T00:00:00.000Z"}},{"type":"Feature","geometry":{"type":"Polygon","coordinates":[[[104.22323854300004,15.154498276000027],[104.17118001600005,15.169810792000021],[104.17523978000008,15.140067379000072],[104.20066039300008,15.12978647400007],[104.22323854300004,15.154498276000027]]]},"properties":{"Shape_Leng":0.18288913669,"Shape_Area":0.00152939445172,"ADM3_EN":"Ta Ket","ADM3_TH":"ตาเกษ","ADM3_PCODE":"TH331010","ADM3_REF":"","ADM3ALT1EN":"","ADM3ALT2EN":"","ADM3ALT1TH":"","ADM3ALT2TH":"","ADM2_EN":"Uthumphon Phisai","ADM2_TH":"อุทุมพรพิสัย","ADM2_PCODE":"TH3310","ADM1_EN":"Si Sa Ket","ADM1_TH":"ศรีสะเกษ","ADM1_PCODE":"TH33","ADM0_EN":"Thailand","ADM0_TH":"ประเทศไทย","ADM0_PCODE":"TH","date":"2019-02-18T00:00:00.000Z","validOn":"2019-02-21T00:00:00.000Z","validTo":"1899-11-30T00:00:00.000Z"}},{"type":"Feature","geometry":{"type":"Polygon","coordinates":[[[104.02065633700005,15.241983616000027],[103.99682811900004,15.252214137000067],[103.98432693200004,15.230795191000027],[103.97039937400007,15.219471696000028],[103.97347169300008,15.161487949000048],[103.98333287900005,15.162250615000062],[104.02245137100005,15.171723112000052],[104.02740232700006,15.233481809000068],[104.02065633700005,15.241983616000027]]]},"properties":{"Shape_Leng":0.335426648234,"Shape_Area":0.00323051965255,"ADM3_EN":"Ta Kon","ADM3_TH":"ตาโกน","ADM3_PCODE":"TH331802","ADM3_REF":"","ADM3ALT1EN":"","ADM3ALT2EN":"","ADM3ALT1TH":"","ADM3ALT2TH":"","ADM2_EN":"Mueang Chan","ADM2_TH":"เมืองจันทร์","ADM2_PCODE":"TH3318","ADM1_EN":"Si Sa Ket","ADM1_TH":"ศรีสะเกษ","ADM1_PCODE":"TH33","ADM0_EN":"Thailand","ADM0_TH":"ประเทศไทย","ADM0_PCODE":"TH","date":"2019-02-18T00:00:00.000Z","validOn":"2019-02-21T00:00:00.000Z","validTo":"1899-11-30T00:00:00.000Z"}},{"type":"Feature","geometry":{"type":"Polygon","coordinates":[[[104.28562333900004,14.68249565800005],[104.25149719900008,14.682773851000036],[104.25959614600004,14.66284028800004],[104.25212891200005,14.644970779000062],[104.29092533700003,14.66603798400007],[104.28562333900004,14.68249565800005]]]},"properties":{"Shape_Leng":0.149113429894,"Shape_Area":0.000933665642918,"ADM3_EN":"Ta Ut","ADM3_TH":"ตาอุด","ADM3_PCODE":"TH330508","ADM3_REF":"","ADM3ALT1EN":"","ADM3ALT2EN":"","ADM3ALT1TH":"","ADM3ALT2TH":"","ADM2_EN":"Khukhan","ADM2_TH":"ขุขันธ์","ADM2_PCODE":"TH3305","ADM1_EN":"Si Sa Ket","ADM1_TH":"ศรีสะเกษ","ADM1_PCODE":"TH33","ADM0_EN":"Thailand","ADM0_TH":"ประเทศไทย","ADM0_PCODE":"TH","date":"2019-02-18T00:00:00.000Z","validOn":"2019-02-21T00:00:00.000Z","validTo":"1899-11-30T00:00:00.000Z"}},{"type":"Feature","geometry":{"type":"Polygon","coordinates":[[[104.46744539800005,15.065105668000058],[104.40057268900006,15.065080612000031],[104.40065879100007,15.038954742000044],[104.40891864900004,15.026419704000034],[104.45687476400008,15.017503985000076],[104.46744539800005,15.065105668000058]]]},"properties":{"Shape_Leng":0.232124529655,"Shape_Area":0.00200396664283,"ADM3_EN":"Tadop","ADM3_TH":"ตะดอบ","ADM3_PCODE":"TH330106","ADM3_REF":"","ADM3ALT1EN":"","ADM3ALT2EN":"","ADM3ALT1TH":"","ADM3ALT2TH":"","ADM2_EN":"Mueang Si Sa Ket","ADM2_TH":"เมืองศรีสะเกษ","ADM2_PCODE":"TH3301","ADM1_EN":"Si Sa Ket","ADM1_TH":"ศรีสะเกษ","ADM1_PCODE":"TH33","ADM0_EN":"Thailand","ADM0_TH":"ประเทศไทย","ADM0_PCODE":"TH","date":"2019-02-18T00:00:00.000Z","validOn":"2019-02-21T00:00:00.000Z","validTo":"1899-11-30T00:00:00.000Z"}},{"type":"Feature","geometry":{"type":"Polygon","coordinates":[[[104.20066039300008,15.12978647400007],[104.17523978000008,15.140067379000072],[104.15875570100008,15.119067952000023],[104.16763156700006,15.097616086000073],[104.20167581900006,15.119010459000037],[104.20066039300008,15.12978647400007]]]},"properties":{"Shape_Leng":0.149181841045,"Shape_Area":0.000942232975805,"ADM3_EN":"Tae","ADM3_TH":"แต้","ADM3_PCODE":"TH331014","ADM3_REF":"","ADM3ALT1EN":"","ADM3ALT2EN":"","ADM3ALT1TH":"","ADM3ALT2TH":"","ADM2_EN":"Uthumphon Phisai","ADM2_TH":"อุทุมพรพิสัย","ADM2_PCODE":"TH3310","ADM1_EN":"Si Sa Ket","ADM1_TH":"ศรีสะเกษ","ADM1_PCODE":"TH33","ADM0_EN":"Thailand","ADM0_TH":"ประเทศไทย","ADM0_PCODE":"TH","date":"2019-02-18T00:00:00.000Z","validOn":"2019-02-21T00:00:00.000Z","validTo":"1899-11-30T00:00:00.000Z"}},{"type":"Feature","geometry":{"type":"Polygon","coordinates":[[[104.25372252300008,14.751058146000048],[104.28862705400007,14.798922796000056],[104.22468038700003,14.791653587000042],[104.22636341900005,14.750837949000072],[104.25372252300008,14.751058146000048]]]},"properties":{"Shape_Leng":0.200826298265,"Shape_Area":0.00198802931157,"ADM3_EN":"Takhian","ADM3_TH":"ตะเคียน","ADM3_PCODE":"TH330513","ADM3_REF":"","ADM3ALT1EN":"","ADM3ALT2EN":"","ADM3ALT1TH":"","ADM3ALT2TH":"","ADM2_EN":"Khukhan","ADM2_TH":"ขุขันธ์","ADM2_PCODE":"TH3305","ADM1_EN":"Si Sa Ket","ADM1_TH":"ศรีสะเกษ","ADM1_PCODE":"TH33","ADM0_EN":"Thailand","ADM0_TH":"ประเทศไทย","ADM0_PCODE":"TH","date":"2019-02-18T00:00:00.000Z","validOn":"2019-02-21T00:00:00.000Z","validTo":"1899-11-30T00:00:00.000Z"}},{"type":"Feature","geometry":{"type":"Polygon","coordinates":[[[104.19187901900005,14.630616289000045],[104.14503172400003,14.637008433000062],[104.13472860300004,14.63058200000006],[104.15262448500005,14.57353749300006],[104.20619763400003,14.579008122000062],[104.19187901900005,14.630616289000045]]]},"properties":{"Shape_Leng":0.272371265055,"Shape_Area":0.00303923331158,"ADM3_EN":"Takhian Ram","ADM3_TH":"ตะเคียนราม","ADM3_PCODE":"TH331705","ADM3_REF":"","ADM3ALT1EN":"","ADM3ALT2EN":"","ADM3ALT1TH":"","ADM3ALT2TH":"","ADM2_EN":"Phu Sing","ADM2_TH":"ภูสิงห์","ADM2_PCODE":"TH3317","ADM1_EN":"Si Sa Ket","ADM1_TH":"ศรีสะเกษ","ADM1_PCODE":"TH33","ADM0_EN":"Thailand","ADM0_TH":"ประเทศไทย","ADM0_PCODE":"TH","date":"2019-02-18T00:00:00.000Z","validOn":"2019-02-21T00:00:00.000Z","validTo":"1899-11-30T00:00:00.000Z"}},{"type":"Feature","geometry":{"type":"Polygon","coordinates":[[[104.42456704300008,14.97748795800004],[104.42308662700003,14.977565273000039],[104.40355998400008,14.971154851000051],[104.40106728200004,14.895227111000054],[104.44347158000005,14.868151182000076],[104.44408181300008,14.902755027000069],[104.43135002800005,14.961143458000038],[104.42456704300008,14.97748795800004]]]},"properties":{"Shape_Leng":0.308398343537,"Shape_Area":0.00289792087889,"ADM3_EN":"Tamyae","ADM3_TH":"ตำแย","ADM3_PCODE":"TH332003","ADM3_REF":"","ADM3ALT1EN":"","ADM3ALT2EN":"","ADM3ALT1TH":"","ADM3ALT2TH":"","ADM2_EN":"Phayu","ADM2_TH":"พยุห์","ADM2_PCODE":"TH3320","ADM1_EN":"Si Sa Ket","ADM1_TH":"ศรีสะเกษ","ADM1_PCODE":"TH33","ADM0_EN":"Thailand","ADM0_TH":"ประเทศไทย","ADM0_PCODE":"TH","date":"2019-02-18T00:00:00.000Z","validOn":"2019-02-21T00:00:00.000Z","validTo":"1899-11-30T00:00:00.000Z"}},{"type":"Feature","geometry":{"type":"Polygon","coordinates":[[[104.79760925600004,14.810341085000061],[104.76235985600005,14.81591522900004],[104.75606207100009,14.816999231000068],[104.73866583000006,14.800690073000055],[104.76185901300005,14.795956868000076],[104.75024482400005,14.716038448000063],[104.81468744400007,14.730319884000039],[104.83797212400003,14.739614919000076],[104.81794224800007,14.776988454000048],[104.79760925600004,14.810341085000061]]]},"properties":{"Shape_Leng":0.446416139372,"Shape_Area":0.00578555412881,"ADM3_EN":"Tha Khlo","ADM3_TH":"ท่าคล้อ","ADM3_PCODE":"TH331905","ADM3_REF":"","ADM3ALT1EN":"","ADM3ALT2EN":"","ADM3ALT1TH":"","ADM3ALT2TH":"","ADM2_EN":"Benchalak","ADM2_TH":"เบญจลักษ์","ADM2_PCODE":"TH3319","ADM1_EN":"Si Sa Ket","ADM1_TH":"ศรีสะเกษ","ADM1_PCODE":"TH33","ADM0_EN":"Thailand","ADM0_TH":"ประเทศไทย","ADM0_PCODE":"TH","date":"2019-02-18T00:00:00.000Z","validOn":"2019-02-21T00:00:00.000Z","validTo":"1899-11-30T00:00:00.000Z"}},{"type":"Feature","geometry":{"type":"Polygon","coordinates":[[[104.64740801000005,15.238556257000027],[104.60910997300005,15.282055916000047],[104.57608636300006,15.256015105000074],[104.57709135100004,15.245562006000057],[104.60314180600005,15.199870904000022],[104.63111682100003,15.192853784000022],[104.64740801000005,15.238556257000027]]]},"properties":{"Shape_Leng":0.339229438328,"Shape_Area":0.00415447750467,"ADM3_EN":"Tham","ADM3_TH":"ทาม","ADM3_PCODE":"TH330307","ADM3_REF":"","ADM3ALT1EN":"","ADM3ALT2EN":"","ADM3ALT1TH":"","ADM3ALT2TH":"","ADM2_EN":"Kanthararom","ADM2_TH":"กันทรารมย์","ADM2_PCODE":"TH3303","ADM1_EN":"Si Sa Ket","ADM1_TH":"ศรีสะเกษ","ADM1_PCODE":"TH33","ADM0_EN":"Thailand","ADM0_TH":"ประเทศไทย","ADM0_PCODE":"TH","date":"2019-02-18T00:00:00.000Z","validOn":"2019-02-21T00:00:00.000Z","validTo":"1899-11-30T00:00:00.000Z"}},{"type":"Feature","geometry":{"type":"Polygon","coordinates":[[[104.23923621800009,14.992164917000025],[104.14921826100004,15.019521764000046],[104.13642708700007,15.013959753000051],[104.13105716500007,15.00991863300004],[104.14843053500005,14.97497949600006],[104.23962224700006,14.974312249000036],[104.23923621800009,14.992164917000025]]]},"properties":{"Shape_Leng":0.299139928062,"Shape_Area":0.00332845726889,"ADM3_EN":"That","ADM3_TH":"ธาตุ","ADM3_PCODE":"TH331602","ADM3_REF":"","ADM3ALT1EN":"","ADM3ALT2EN":"","ADM3ALT1TH":"","ADM3ALT2TH":"","ADM2_EN":"Wang Hin","ADM2_TH":"วังหิน","ADM2_PCODE":"TH3316","ADM1_EN":"Si Sa Ket","ADM1_TH":"ศรีสะเกษ","ADM1_PCODE":"TH33","ADM0_EN":"Thailand","ADM0_TH":"ประเทศไทย","ADM0_PCODE":"TH","date":"2019-02-18T00:00:00.000Z","validOn":"2019-02-21T00:00:00.000Z","validTo":"1899-11-30T00:00:00.000Z"}},{"type":"Feature","geometry":{"type":"Polygon","coordinates":[[[104.34305902000006,15.010780891000024],[104.30054114100005,15.015263064000067],[104.29858641100009,14.971319335000032],[104.30074577700009,14.962955613000076],[104.35523368500009,14.948198985000033],[104.37664673100005,14.968650632000049],[104.36445821700005,14.993514336000032],[104.34305902000006,15.010780891000024]]]},"properties":{"Shape_Leng":0.248091336372,"Shape_Area":0.00362337692311,"ADM3_EN":"Thum","ADM3_TH":"ทุ่ม","ADM3_PCODE":"TH330118","ADM3_REF":"","ADM3ALT1EN":"","ADM3ALT2EN":"","ADM3ALT1TH":"","ADM3ALT2TH":"","ADM2_EN":"Mueang Si Sa Ket","ADM2_TH":"เมืองศรีสะเกษ","ADM2_PCODE":"TH3301","ADM1_EN":"Si Sa Ket","ADM1_TH":"ศรีสะเกษ","ADM1_PCODE":"TH33","ADM0_EN":"Thailand","ADM0_TH":"ประเทศไทย","ADM0_PCODE":"TH","date":"2019-02-18T00:00:00.000Z","validOn":"2019-02-21T00:00:00.000Z","validTo":"1899-11-30T00:00:00.000Z"}},{"type":"Feature","geometry":{"type":"Polygon","coordinates":[[[104.08854785700004,14.995277758000043],[104.11505557400005,14.987040192000052],[104.13105716500007,15.00991863300004],[104.13642708700007,15.013959753000051],[104.11825416100004,15.046580593000044],[104.09474168500009,15.047230773000024],[104.08854785700004,14.995277758000043]]]},"properties":{"Shape_Leng":0.230558171903,"Shape_Area":0.00201517968375,"ADM3_EN":"Thung Chai","ADM3_TH":"ทุ่งไชย","ADM3_PCODE":"TH331004","ADM3_REF":"","ADM3ALT1EN":"","ADM3ALT2EN":"","ADM3ALT1TH":"","ADM3ALT2TH":"","ADM2_EN":"Uthumphon Phisai","ADM2_TH":"อุทุมพรพิสัย","ADM2_PCODE":"TH3310","ADM1_EN":"Si Sa Ket","ADM1_TH":"ศรีสะเกษ","ADM1_PCODE":"TH33","ADM0_EN":"Thailand","ADM0_TH":"ประเทศไทย","ADM0_PCODE":"TH","date":"2019-02-18T00:00:00.000Z","validOn":"2019-02-21T00:00:00.000Z","validTo":"1899-11-30T00:00:00.000Z"}},{"type":"Feature","geometry":{"type":"Polygon","coordinates":[[[104.21769352600006,15.051570297000069],[104.17472498300003,15.046619906000046],[104.14921826100004,15.019521764000046],[104.23923621800009,14.992164917000025],[104.24969899000007,15.013029108000069],[104.21769352600006,15.051570297000069]]]},"properties":{"Shape_Leng":0.368960676553,"Shape_Area":0.00372264551636,"ADM3_EN":"Thung Sawang","ADM3_TH":"ทุ่งสว่าง","ADM3_PCODE":"TH331606","ADM3_REF":"","ADM3ALT1EN":"","ADM3ALT2EN":"","ADM3ALT1TH":"","ADM3ALT2TH":"","ADM2_EN":"Wang Hin","ADM2_TH":"วังหิน","ADM2_PCODE":"TH3316","ADM1_EN":"Si Sa Ket","ADM1_TH":"ศรีสะเกษ","ADM1_PCODE":"TH33","ADM0_EN":"Thailand","ADM0_TH":"ประเทศไทย","ADM0_PCODE":"TH","date":"2019-02-18T00:00:00.000Z","validOn":"2019-02-21T00:00:00.000Z","validTo":"1899-11-30T00:00:00.000Z"}},{"type":"Feature","geometry":{"type":"Polygon","coordinates":[[[104.65022701400005,14.628955102000077],[104.58911433700007,14.61040551900004],[104.54352863300005,14.601723187000061],[104.53582394300008,14.579492091000077],[104.62011206800008,14.55956530800006],[104.62602691000006,14.558423273000074],[104.65022701400005,14.628955102000077]]]},"properties":{"Shape_Leng":0.313403495473,"Shape_Area":0.00411571578848,"ADM3_EN":"Thung Yai","ADM3_TH":"ทุ่งใหญ่","ADM3_PCODE":"TH330424","ADM3_REF":"","ADM3ALT1EN":"","ADM3ALT2EN":"","ADM3ALT1TH":"","ADM3ALT2TH":"","ADM2_EN":"Kantharalak","ADM2_TH":"กันทรลักษ์","ADM2_PCODE":"TH3304","ADM1_EN":"Si Sa Ket","ADM1_TH":"ศรีสะเกษ","ADM1_PCODE":"TH33","ADM0_EN":"Thailand","ADM0_TH":"ประเทศไทย","ADM0_PCODE":"TH","date":"2019-02-18T00:00:00.000Z","validOn":"2019-02-21T00:00:00.000Z","validTo":"1899-11-30T00:00:00.000Z"}},{"type":"Feature","geometry":{"type":"Polygon","coordinates":[[[104.47014845600006,15.008204868000064],[104.45616226200008,15.008703880000041],[104.42456704300008,14.97748795800004],[104.43135002800005,14.961143458000038],[104.49301627800008,14.944450498000037],[104.49790206100005,14.950142006000021],[104.47014845600006,15.008204868000064]]]},"properties":{"Shape_Leng":0.244815717591,"Shape_Area":0.00304160620657,"ADM3_EN":"Tong Pit","ADM3_TH":"ตองปิด","ADM3_PCODE":"TH331503","ADM3_REF":"","ADM3ALT1EN":"","ADM3ALT2EN":"","ADM3ALT1TH":"","ADM3ALT2TH":"","ADM2_EN":"Nam Kliang","ADM2_TH":"น้ำเกลี้ยง","ADM2_PCODE":"TH3315","ADM1_EN":"Si Sa Ket","ADM1_TH":"ศรีสะเกษ","ADM1_PCODE":"TH33","ADM0_EN":"Thailand","ADM0_TH":"ประเทศไทย","ADM0_PCODE":"TH","date":"2019-02-18T00:00:00.000Z","validOn":"2019-02-21T00:00:00.000Z","validTo":"1899-11-30T00:00:00.000Z"}},{"type":"Feature","geometry":{"type":"Polygon","coordinates":[[[104.62476476200004,14.693785869000067],[104.63799732700005,14.785351524000077],[104.58916111000008,14.771647211000072],[104.58414344300007,14.720316318000073],[104.59823433600008,14.69284981800007],[104.62476476200004,14.693785869000067]]]},"properties":{"Shape_Leng":0.320926742696,"Shape_Area":0.00313524771623,"ADM3_EN":"Trakat","ADM3_TH":"ตระกาจ","ADM3_PCODE":"TH330409","ADM3_REF":"","ADM3ALT1EN":"","ADM3ALT2EN":"","ADM3ALT1TH":"","ADM3ALT2TH":"","ADM2_EN":"Kantharalak","ADM2_TH":"กันทรลักษ์","ADM2_PCODE":"TH3304","ADM1_EN":"Si Sa Ket","ADM1_TH":"ศรีสะเกษ","ADM1_PCODE":"TH33","ADM0_EN":"Thailand","ADM0_TH":"ประเทศไทย","ADM0_PCODE":"TH","date":"2019-02-18T00:00:00.000Z","validOn":"2019-02-21T00:00:00.000Z","validTo":"1899-11-30T00:00:00.000Z"}},{"type":"Feature","geometry":{"type":"Polygon","coordinates":[[[104.03400881600004,14.925498609000044],[103.99845246000007,14.926580259000048],[103.99057977500007,14.902985504000071],[103.93366218200003,14.892158678000044],[104.01671399000008,14.875351605000048],[104.02326758400005,14.897462028000064],[104.03400881600004,14.925498609000044]]]},"properties":{"Shape_Leng":0.289541905492,"Shape_Area":0.00250348206867,"ADM3_EN":"Tum","ADM3_TH":"ตูม","ADM3_PCODE":"TH330704","ADM3_REF":"","ADM3ALT1EN":"","ADM3ALT2EN":"","ADM3ALT1TH":"","ADM3ALT2TH":"","ADM2_EN":"Prang Ku","ADM2_TH":"ปรางค์กู่","ADM2_PCODE":"TH3307","ADM1_EN":"Si Sa Ket","ADM1_TH":"ศรีสะเกษ","ADM1_PCODE":"TH33","ADM0_EN":"Thailand","ADM0_TH":"ประเทศไทย","ADM0_PCODE":"TH","date":"2019-02-18T00:00:00.000Z","validOn":"2019-02-21T00:00:00.000Z","validTo":"1899-11-30T00:00:00.000Z"}},{"type":"Feature","geometry":{"type":"Polygon","coordinates":[[[104.52690882600007,14.858799610000062],[104.48159476300003,14.887083395000047],[104.44620967700007,14.860834607000072],[104.44817514200008,14.849071000000038],[104.50171218300005,14.815947176000066],[104.50990005400007,14.823334310000064],[104.52690882600007,14.858799610000062]]]},"properties":{"Shape_Leng":0.241956651559,"Shape_Area":0.00277666662847,"ADM3_EN":"Tum","ADM3_TH":"ตูม","ADM3_PCODE":"TH331404","ADM3_REF":"","ADM3ALT1EN":"","ADM3ALT2EN":"","ADM3ALT1TH":"","ADM3ALT2TH":"","ADM2_EN":"Si Rattana","ADM2_TH":"ศรีรัตนะ","ADM2_PCODE":"TH3314","ADM1_EN":"Si Sa Ket","ADM1_TH":"ศรีสะเกษ","ADM1_PCODE":"TH33","ADM0_EN":"Thailand","ADM0_TH":"ประเทศไทย","ADM0_PCODE":"TH","date":"2019-02-18T00:00:00.000Z","validOn":"2019-02-21T00:00:00.000Z","validTo":"1899-11-30T00:00:00.000Z"}},{"type":"Feature","geometry":{"type":"Polygon","coordinates":[[[104.23286340900006,15.403150238000023],[104.20589666300003,15.438825884000039],[104.16680178400009,15.379684902000065],[104.18700926600008,15.349964458000045],[104.23286340900006,15.403150238000023]]]},"properties":{"Shape_Leng":0.231753581602,"Shape_Area":0.00307770844586,"ADM3_EN":"Wan Kham","ADM3_TH":"หว้านคำ","ADM3_PCODE":"TH330914","ADM3_REF":"","ADM3ALT1EN":"","ADM3ALT2EN":"","ADM3ALT1TH":"","ADM3ALT2TH":"","ADM2_EN":"Rasi Salai","ADM2_TH":"ราษีไศล","ADM2_PCODE":"TH3309","ADM1_EN":"Si Sa Ket","ADM1_TH":"ศรีสะเกษ","ADM1_PCODE":"TH33","ADM0_EN":"Thailand","ADM0_TH":"ประเทศไทย","ADM0_PCODE":"TH","date":"2019-02-18T00:00:00.000Z","validOn":"2019-02-21T00:00:00.000Z","validTo":"1899-11-30T00:00:00.000Z"}},{"type":"Feature","geometry":{"type":"Polygon","coordinates":[[[104.29956485700006,14.940110065000056],[104.26045873200007,14.907667066000045],[104.23906197300005,14.948426077000022],[104.22888152600007,14.938306081000064],[104.21803548400004,14.90706814300006],[104.22123553400007,14.893397037000057],[104.29340360800006,14.887320812000041],[104.30057914800005,14.887146132000055],[104.29935382900004,14.917167900000038],[104.29956485700006,14.940110065000056]]]},"properties":{"Shape_Leng":0.341591813398,"Shape_Area":0.00277218084463,"ADM3_EN":"Wang Hin","ADM3_TH":"วังหิน","ADM3_PCODE":"TH331607","ADM3_REF":"","ADM3ALT1EN":"","ADM3ALT2EN":"","ADM3ALT1TH":"","ADM3ALT2TH":"","ADM2_EN":"Wang Hin","ADM2_TH":"วังหิน","ADM2_PCODE":"TH3316","ADM1_EN":"Si Sa Ket","ADM1_TH":"ศรีสะเกษ","ADM1_PCODE":"TH33","ADM0_EN":"Thailand","ADM0_TH":"ประเทศไทย","ADM0_PCODE":"TH","date":"2019-02-18T00:00:00.000Z","validOn":"2019-02-21T00:00:00.000Z","validTo":"1899-11-30T00:00:00.000Z"}},{"type":"Feature","geometry":{"type":"Polygon","coordinates":[[[104.71168419000008,14.596925246000069],[104.69650779500006,14.681548792000058],[104.65986915200006,14.626114361000077],[104.71168419000008,14.596925246000069]]]},"properties":{"Shape_Leng":0.281757772505,"Shape_Area":0.00242136612886,"ADM3_EN":"Wiang Nuea","ADM3_TH":"เวียงเหนือ","ADM3_PCODE":"TH330423","ADM3_REF":"","ADM3ALT1EN":"","ADM3ALT2EN":"","ADM3ALT1TH":"","ADM3ALT2TH":"","ADM2_EN":"Kantharalak","ADM2_TH":"กันทรลักษ์","ADM2_PCODE":"TH3304","ADM1_EN":"Si Sa Ket","ADM1_TH":"ศรีสะเกษ","ADM1_PCODE":"TH33","ADM0_EN":"Thailand","ADM0_TH":"ประเทศไทย","ADM0_PCODE":"TH","date":"2019-02-18T00:00:00.000Z","validOn":"2019-02-21T00:00:00.000Z","validTo":"1899-11-30T00:00:00.000Z"}},{"type":"Feature","geometry":{"type":"Polygon","coordinates":[[[104.31688552100007,15.133899946000042],[104.28519661900003,15.182991787000049],[104.26639158700004,15.182860033000054],[104.29097647400005,15.125206326000068],[104.31861984200003,15.118018757000073],[104.31786340800005,15.12097581100005],[104.31688552100007,15.133899946000042]]]},"properties":{"Shape_Leng":0.205037742591,"Shape_Area":0.00139059785059,"ADM3_EN":"Ya Plong","ADM3_TH":"หญ้าปล้อง","ADM3_PCODE":"TH330116","ADM3_REF":"","ADM3ALT1EN":"","ADM3ALT2EN":"","ADM3ALT1TH":"","ADM3ALT2TH":"","ADM2_EN":"Mueang Si Sa Ket","ADM2_TH":"เมืองศรีสะเกษ","ADM2_PCODE":"TH3301","ADM1_EN":"Si Sa Ket","ADM1_TH":"ศรีสะเกษ","ADM1_PCODE":"TH33","ADM0_EN":"Thailand","ADM0_TH":"ประเทศไทย","ADM0_PCODE":"TH","date":"2019-02-18T00:00:00.000Z","validOn":"2019-02-21T00:00:00.000Z","validTo":"1899-11-30T00:00:00.000Z"}},{"type":"Feature","geometry":{"type":"Polygon","coordinates":[[[104.62574168200007,15.039455633000046],[104.54088911100007,15.079979223000066],[104.51800786700005,15.090764227000022],[104.48928757900006,15.065340057000071],[104.54134682700004,15.049488868000026],[104.56355444800005,15.006660530000033],[104.62300964000008,15.005519269000047],[104.63346404800006,15.006402549000029],[104.62574168200007,15.039455633000046]]]},"properties":{"Shape_Leng":0.452636431238,"Shape_Area":0.00477539906782,"ADM3_EN":"Yang","ADM3_TH":"ยาง","ADM3_PCODE":"TH330304","ADM3_REF":"","ADM3ALT1EN":"","ADM3ALT2EN":"","ADM3ALT1TH":"","ADM3ALT2TH":"","ADM2_EN":"Kanthararom","ADM2_TH":"กันทรารมย์","ADM2_PCODE":"TH3303","ADM1_EN":"Si Sa Ket","ADM1_TH":"ศรีสะเกษ","ADM1_PCODE":"TH33","ADM0_EN":"Thailand","ADM0_TH":"ประเทศไทย","ADM0_PCODE":"TH","date":"2019-02-18T00:00:00.000Z","validOn":"2019-02-21T00:00:00.000Z","validTo":"1899-11-30T00:00:00.000Z"}},{"type":"Feature","geometry":{"type":"Polygon","coordinates":[[[104.37699737800006,15.216206142000033],[104.40393998700006,15.23528503500006],[104.43549357300009,15.283199254000067],[104.40672898900004,15.289305787000046],[104.38222246900006,15.29466039700003],[104.37571576900007,15.259223599000052],[104.37699737800006,15.216206142000033]]]},"properties":{"Shape_Leng":0.257955638495,"Shape_Area":0.00305219429496,"ADM3_EN":"Yang Chum Noi","ADM3_TH":"ยางชุมน้อย","ADM3_PCODE":"TH330201","ADM3_REF":"","ADM3ALT1EN":"","ADM3ALT2EN":"","ADM3ALT1TH":"","ADM3ALT2TH":"","ADM2_EN":"Yang Chum Noi","ADM2_TH":"ยางชุมน้อย","ADM2_PCODE":"TH3302","ADM1_EN":"Si Sa Ket","ADM1_TH":"ศรีสะเกษ","ADM1_PCODE":"TH33","ADM0_EN":"Thailand","ADM0_TH":"ประเทศไทย","ADM0_PCODE":"TH","date":"2019-02-18T00:00:00.000Z","validOn":"2019-02-21T00:00:00.000Z","validTo":"1899-11-30T00:00:00.000Z"}},{"type":"Feature","geometry":{"type":"Polygon","coordinates":[[[104.46294457500005,15.220207584000036],[104.40393998700006,15.23528503500006],[104.37699737800006,15.216206142000033],[104.38169504200005,15.202039652000053],[104.41196306700004,15.193326006000063],[104.46294457500005,15.220207584000036]]]},"properties":{"Shape_Leng":0.209543772813,"Shape_Area":0.00198766347714,"ADM3_EN":"Yang Chum Yai","ADM3_TH":"ยางชุมใหญ่","ADM3_PCODE":"TH330207","ADM3_REF":"","ADM3ALT1EN":"","ADM3ALT2EN":"","ADM3ALT1TH":"","ADM3ALT2TH":"","ADM2_EN":"Yang Chum Noi","ADM2_TH":"ยางชุมน้อย","ADM2_PCODE":"TH3302","ADM1_EN":"Si Sa Ket","ADM1_TH":"ศรีสะเกษ","ADM1_PCODE":"TH33","ADM0_EN":"Thailand","ADM0_TH":"ประเทศไทย","ADM0_PCODE":"TH","date":"2019-02-18T00:00:00.000Z","validOn":"2019-02-21T00:00:00.000Z","validTo":"1899-11-30T00:00:00.000Z"}}]}